Date/Time,Environment:Site Outdoor Air Drybulb Temperature [C](Hourly),DX_HEATING_COIL:Heating Coil Heating Rate [W](Hourly),DX_HEATING_COIL:Heating Coil Electricity Rate [W](Hourly),DX_HEATING_COIL:Heating Coil Defrost Electricity Rate [W](Hourly),DX_HEATING_COIL:Heating Coil Crankcase Heater Electricity Rate [W](Hourly),FAN:Fan Electricity Rate [W](Hourly),HEAT PUMP WATER HEATER FAN:Fan Electricity Rate [W](Hourly),LIVING:Zone Mean Air Temperature [C](Hourly),ATTIC:Zone Mean Air Temperature [C](Hourly),CRAWLSPACE:Zone Mean Air Temperature [C](Hourly),LIVING:Zone Predicted Sensible Load to Heating Setpoint Heat Transfer Rate [W](Hourly),LIVING:Zone System Predicted Sensible Load to Heating Setpoint Heat Transfer Rate [W](Hourly),ATTIC:Zone Predicted Sensible Load to Heating Setpoint Heat Transfer Rate [W](Hourly),ATTIC:Zone System Predicted Sensible Load to Heating Setpoint Heat Transfer Rate [W](Hourly),CRAWLSPACE:Zone Predicted Sensible Load to Heating Setpoint Heat Transfer Rate [W](Hourly),CRAWLSPACE:Zone System Predicted Sensible Load to Heating Setpoint Heat Transfer Rate [W](Hourly),HEATING_RESISTANCE_BACKUP:Heating Coil Heating Rate [W](Hourly),HEATING_RESISTANCE_BACKUP:Heating Coil Electricity Rate [W](Hourly)
 01/01  01:00:00,10.6,741.4772894553766,191.201210747932,0.0,0.0,16.66393634048652,0.0,19.308029519153223,7.268457023894576,19.250878637166497,584.6996369900662,584.6996369900662,0.0,0.0,0.0,0.0,0.0,0.0
 01/01  02:00:00,9.4,365.6815863688853,97.78274377955152,0.0,188.14834567392938,8.538806813982779,0.0,18.47009386734874,8.098419911704232,18.946383112930032,275.63166715897023,275.63166715897023,0.0,0.0,0.0,0.0,0.0,0.0
 01/01  03:00:00,8.3,778.7471543633231,205.5801912862202,0.0,174.36169484691737,18.47172797290777,0.0,18.57983275450052,7.641203533007224,18.808711027698724,625.7453592302081,625.7453592302081,0.0,0.0,0.0,0.0,0.0,0.0
 01/01  04:00:00,8.3,1001.1245944598122,263.82126244374814,0.0,167.15898937185324,23.661088791025712,0.0,18.619295561008443,7.963371832364441,18.660677761806504,788.2043417386012,788.2043417386012,0.0,0.0,0.0,0.0,0.0,0.0
 01/01  05:00:00,8.3,961.9886686008556,253.87733879512206,0.0,168.41614990615636,22.75533752278594,0.0,18.642773567115285,8.208849498102378,18.539130988196657,768.7644381298469,768.7644381298469,0.0,0.0,0.0,0.0,0.0,0.0
 01/01  06:00:00,8.3,1918.0794968157854,497.75615517783206,0.0,138.09134198960885,44.60356810279354,0.0,19.54022623500116,8.603257724365854,18.418740465887414,1526.8246594955544,1526.8246594955544,0.0,0.0,0.0,0.0,0.0,0.0
 01/01  07:00:00,8.0,1800.219206820535,479.334667626544,0.0,141.14226130038875,42.4054605742527,0.0,19.57923360282057,8.691944716775195,18.331898427664044,1427.507831603336,1427.507831603336,0.0,0.0,0.0,0.0,0.0,0.0
 01/01  08:00:00,7.2,1311.592469677081,356.35429809890775,0.0,155.8830238290061,31.785126901021847,0.0,19.780659088316106,8.304656719117304,18.244748493167428,1029.4206239538416,1029.4206239538416,0.0,0.0,0.0,0.0,0.0,0.0
 01/01  09:00:00,5.6,2579.4181666738805,702.6867172539157,0.0,111.83710355723466,63.51905988600788,85.44000000000005,19.560975856471682,7.519437617824049,18.162513743928677,923.2715298508265,923.2715298508265,0.0,0.0,0.0,0.0,0.0,0.0
 01/01  10:00:00,5.6,2989.740029193673,804.0019287757962,0.0,98.69106209738372,72.9904387590274,85.44000000000005,19.645969346034715,7.6382465571963625,18.092237549947924,1079.3002495387136,1079.3002495387136,0.0,0.0,0.0,0.0,0.0,0.0
 01/01  11:00:00,5.0,3153.4819506989643,921.8449775641989,23.078939851574823,73.0779508959172,91.35108954749593,85.44000000000005,19.659367558217134,7.616902143295688,18.029654465828514,1213.5888338236346,1213.5888338236346,0.0,0.0,0.0,0.0,0.0,0.0
 01/01  12:00:00,5.0,2717.9294463613837,802.5102239386487,20.08206618214346,89.53764374283143,79.50437390384474,72.23154771464567,19.741631360799186,7.484450872060815,17.974278931361635,1200.8069920363141,1200.8069920363141,0.0,0.0,0.0,0.0,0.0,0.0
 01/01  13:00:00,5.0,1456.9520823533592,443.5905802041416,11.08156574039228,139.045322747174,43.87161057819596,0.0,19.759036172335062,7.040235282366041,17.9207406374789,1113.0839908569233,1113.0839908569233,0.0,0.0,0.0,0.0,0.0,0.0
 01/01  14:00:00,5.0,1469.398256325365,447.4049238053799,11.160534619786873,138.54092650726076,44.23469568856072,0.0,19.6355125375543,7.138906017637542,17.861426375203607,1119.8824430853729,1119.8824430853729,0.0,0.0,0.0,0.0,0.0,0.0
 01/01  15:00:00,5.0,1577.2561203045489,477.61417510110476,13.260060338490089,133.96924182117937,47.51984076212128,0.0,19.850055951353607,7.291649411653175,17.80452426796359,1194.3550832604997,1194.3550832604997,0.0,0.0,0.0,0.0,0.0,0.0
 01/01  16:00:00,5.0,1370.8331003331243,419.1871756753829,10.425053544845838,142.51449890105525,41.374789324882485,0.0,19.699776833132393,7.033284681468536,17.752251899250936,1044.891767888943,1044.891767888943,0.0,0.0,0.0,0.0,0.0,0.0
 01/01  17:00:00,5.0,885.314813749557,272.8368197670797,7.565522082159013,162.3261775322771,27.11241717758796,0.0,19.766811687053963,6.911337669071431,17.69721283068814,661.4343724829941,661.4343724829941,0.0,0.0,0.0,0.0,0.0,0.0
 01/01  18:00:00,5.0,2250.300824728817,672.9362673650397,16.720054402175634,107.55712638125803,66.53532991115864,85.44000000000005,19.716782202600086,7.847450391166046,17.650827644367354,619.119763695091,619.119763695091,0.0,0.0,0.0,0.0,0.0,0.0
 01/01  19:00:00,5.0,2333.265513108631,695.5778971488296,17.30013935678114,104.34991671214635,68.84372082629879,85.44000000000005,19.701667400964563,7.123482811580608,17.60412126938793,527.4919995906894,527.4919995906894,0.0,0.0,0.0,0.0,0.0,0.0
 01/01  20:00:00,5.0,2262.5161657204276,675.4811628254022,11.692809307555416,108.1024698261967,66.1631885310616,85.44000000000005,19.72322783823457,6.964992741993498,17.55841930575972,462.9887068366734,462.9887068366734,0.0,0.0,0.0,0.0,0.0,0.0
 01/01  21:00:00,5.0,1980.9870547865032,595.3502680833218,14.781360120558814,118.14431655811453,58.91536117086062,85.44000000000005,19.741600715885184,6.6834734329096115,17.511064054072488,413.4198468888335,413.4198468888335,0.0,0.0,0.0,0.0,0.0,0.0
 01/01  22:00:00,5.0,1839.1196719246975,554.7230782617243,13.768197578430945,123.75497157545941,54.877106286295174,81.53259742162103,19.72487899620932,6.5079726265691065,17.461759154347675,501.0789826936016,501.0789826936016,0.0,0.0,0.0,0.0,0.0,0.0
 01/01  23:00:00,5.0,42.148857259964196,13.250738631378669,0.2288921110376749,198.1984747726533,1.2970399118825147,0.0,18.583011380468143,5.78824683005155,17.404796733255946,25.96277265680874,25.96277265680874,0.0,0.0,0.0,0.0,0.0,0.0
 01/01  24:00:00,5.0,698.3617089308004,210.5038675102196,5.334905242712927,170.42594226268915,21.285963138642764,0.0,18.506296684659013,5.902110865334893,17.343497442449564,535.4368316733326,535.4368316733326,0.0,0.0,0.0,0.0,0.0,0.0
 01/27  01:00:00,5.6,0.0,0.0,0.0,200.0,0.0,0.0,19.14694114052002,4.119618467568702,19.412249885737616,-438.67574830542435,-438.67574830542435,0.0,0.0,0.0,0.0,0.0,0.0
 01/27  02:00:00,1.7,437.2663448489878,142.0435195022479,0.5556951585500528,180.27987764943242,14.201965900865508,0.0,18.609372349088435,2.7988999019976024,19.119432868363145,327.6186203177949,327.6186203177949,0.0,0.0,0.0,0.0,0.0,0.0
 01/27  03:00:00,1.7,974.8850109363555,308.4675681987755,3.1720911771184674,156.31738777683293,31.43850356679621,0.0,18.544243919132402,2.3211694581143734,18.920633812824924,721.5055352615982,721.5055352615982,0.0,0.0,0.0,0.0,0.0,0.0
 01/27  04:00:00,1.7,1371.5859891663679,428.98449151129336,4.418099819482321,139.15870307580286,43.787676276987156,0.0,18.57856492407651,2.102226189228124,18.72893945877916,1007.1101322004488,1007.1101322004488,0.0,0.0,0.0,0.0,0.0,0.0
 01/27  05:00:00,2.2,1647.1885708240773,507.7932023084438,3.193066730943213,128.74770530866684,51.30515341728678,0.0,18.691588856759225,1.871953850109883,18.55782502156478,1206.9165785122186,1206.9165785122186,0.0,0.0,0.0,0.0,0.0,0.0
 01/27  06:00:00,4.4,2780.44455740794,809.8561204426447,0.038196310385320634,89.94520056933996,79.29141255466405,0.0,19.474628861078674,3.4544168410792166,18.383468726334215,2027.9565179093988,2027.9565179093988,0.0,0.0,0.0,0.0,0.0,0.0
 01/27  07:00:00,4.4,4074.4990912886556,1175.0594553202775,0.05461228194657697,42.64596042263176,113.36919452629512,85.44000000000005,19.577911731459675,4.429678488071485,18.241070867756374,1994.614538579237,1994.614538579237,0.0,0.0,0.0,0.0,0.0,0.0
 01/27  08:00:00,4.4,3089.4678032924653,911.8890837888858,6.482356245642029,76.84537273406417,88.69688573391453,64.64777424075886,19.688562007909628,5.213425120933062,18.113184556947083,1485.0178776945959,1485.0178776945959,0.0,0.0,0.0,0.0,0.0,0.0
 01/27  09:00:00,7.8,890.8135228770428,242.532466572425,0.0,170.2288667179,21.449322494159194,0.0,19.89740481302443,7.6158023846631036,18.011749316152834,676.0732878213876,676.0732878213876,0.0,0.0,0.0,0.0,0.0,0.0
 01/27  10:00:00,7.8,0.0,0.0,0.0,200.0,0.0,0.0,19.976256184834398,10.721722673584257,17.90999939939114,-195.209297635638,-195.209297635638,0.0,0.0,0.0,0.0,0.0,0.0
 01/27  11:00:00,12.8,0.0,0.0,0.0,0.0,0.0,0.0,21.359336202012678,15.860683270759544,17.84503041423192,-1208.2770459189614,-1208.2770459189614,0.0,0.0,0.0,0.0,0.0,0.0
 01/27  12:00:00,13.9,0.0,0.0,0.0,0.0,0.0,0.0,22.049021853262133,19.5496749690113,17.813173930796765,-1920.3526406801848,-1920.3526406801848,0.0,0.0,0.0,0.0,0.0,0.0
 01/27  13:00:00,13.9,0.0,0.0,0.0,0.0,0.0,0.0,22.592662296980706,20.97122243308924,17.813116879359516,-2221.950801958257,-2221.950801958257,0.0,0.0,0.0,0.0,0.0,0.0
 01/27  14:00:00,13.3,0.0,0.0,0.0,0.0,0.0,68.06365258151395,21.72452355327993,20.754596622823197,17.833480539730125,-2077.255384696704,-2077.255384696704,0.0,0.0,0.0,0.0,0.0,0.0
 01/27  15:00:00,12.8,0.0,0.0,0.0,0.0,0.0,0.0,22.46395048231785,17.931805593439442,17.857868173065192,-2214.7817844698457,-2214.7817844698457,0.0,0.0,0.0,0.0,0.0,0.0
 01/27  16:00:00,12.8,0.0,0.0,0.0,0.0,0.0,0.0,22.579690469465472,16.310147485650244,17.883929913447066,-1736.2542728461103,-1736.2542728461103,0.0,0.0,0.0,0.0,0.0,0.0
 01/27  17:00:00,11.1,0.0,0.0,0.0,0.0,0.0,0.0,22.48411361041155,14.536219057144926,17.907189992157168,-1630.3147820073136,-1630.3147820073136,0.0,0.0,0.0,0.0,0.0,0.0
 01/27  18:00:00,10.6,0.0,0.0,0.0,0.0,0.0,0.0,22.52817444902535,12.884701381693606,17.920329855716925,-1716.8667264245214,-1716.8667264245214,0.0,0.0,0.0,0.0,0.0,0.0
 01/27  19:00:00,10.6,0.0,0.0,0.0,0.0,0.0,81.58471399217817,21.338848610226993,11.841113134251007,17.92199121051041,-1876.8650213785531,-1876.8650213785531,0.0,0.0,0.0,0.0,0.0,0.0
 01/27  20:00:00,7.0,0.0,0.0,0.0,200.0,0.0,77.04652382425493,20.67015287024106,9.449243248236044,17.908154273846264,-1805.3305982678285,-1805.3305982678285,0.0,0.0,0.0,0.0,0.0,0.0
 01/27  21:00:00,5.0,0.0,0.0,0.0,200.0,0.0,0.0,21.203742585048193,8.00107254289741,17.885049457698447,-1404.536767997717,-1404.536767997717,0.0,0.0,0.0,0.0,0.0,0.0
 01/27  22:00:00,3.9,0.0,0.0,0.0,200.0,0.0,0.0,20.61619424809153,6.576181907948342,17.843428856974253,-685.8595021085894,-685.8595021085894,0.0,0.0,0.0,0.0,0.0,0.0
 01/27  23:00:00,2.0,0.0,0.0,0.0,200.0,0.0,0.0,19.724318432571433,5.079776261931523,17.7901887340238,-931.6848844732267,-931.6848844732267,0.0,0.0,0.0,0.0,0.0,0.0
 01/27  24:00:00,1.7,0.0,0.0,0.0,200.0,0.0,0.0,19.078377006439695,4.122305435913945,17.72505470337831,-404.78107833483045,-404.78107833483045,0.0,0.0,0.0,0.0,0.0,0.0
 01/28  01:00:00,1.7,351.28638609705456,114.02113758963992,1.1645025936227615,183.98245893341308,11.527832193323723,0.0,18.634126140904446,3.62153738362495,17.642178096325416,237.292881144067,237.292881144067,0.0,0.0,0.0,0.0,0.0,0.0
 01/28  02:00:00,1.1,1036.9257769913263,330.3758802026209,0.01610434273892308,153.59865410519,33.43076552265544,0.0,18.40376737209844,3.314015338389947,17.53794902159601,768.401333299571,768.401333299571,0.0,0.0,0.0,0.0,0.0,0.0
 01/28  03:00:00,0.0,1587.0875285595544,505.33652419576737,0.02499303024928196,127.98773223116756,51.8825966888587,0.0,18.71160352401546,2.489948625793626,17.428517850083384,1170.6211793374396,1170.6211793374396,0.0,0.0,0.0,0.0,0.0,0.0
 01/28  04:00:00,0.0,1917.1334983819222,609.8626755552249,0.029985785153610015,113.60213754782767,62.246969104499506,0.0,18.614003150582995,2.1645313946028457,17.328962196314713,1387.9373447486232,1387.9373447486232,0.0,0.0,0.0,0.0,0.0,0.0
 01/28  05:00:00,-1.7,2348.455456473775,759.5172991815974,6.3061486198247465,89.32493159488305,79.62035915391498,0.0,18.506494089012303,1.2710659315925839,17.202773956670136,1677.731256086452,1677.731256086452,0.0,0.0,0.0,0.0,0.0,0.0
 01/28  06:00:00,-1.7,4018.805012689936,1241.7050192892925,0.062244499725109884,20.65529723149886,129.21201153769198,0.0,19.25276770206113,1.8657523368878526,17.06783924323202,2844.0253644140157,2844.0253644140157,0.0,0.0,0.0,0.0,0.0,0.0
 01/28  07:00:00,-1.7,4521.890460562791,1404.879541739629,0.06941325700091107,0.0,144.0947665036027,85.44000000000005,19.485292775275088,2.1258017076197406,16.997835081511855,2974.22511629548,2974.22511629548,0.0,0.0,0.0,0.0,1007.6042043428802,1007.6042043428802
 01/28  08:00:00,-1.7,4516.572971333014,1411.200563246777,0.06941325700091107,0.0,144.0947665036027,85.44000000000005,19.62254151821776,1.532632525282246,16.8974314985122,3108.0388736388395,3108.0388736388395,0.0,0.0,0.0,0.0,1224.5710893762725,1224.5710893762725
 01/28  09:00:00,-3.3,4315.440783190235,1395.7432995559534,0.06941325700091107,0.0,144.0947665036027,74.97814847110088,19.66641845071545,1.4841958455258737,16.785149529447086,3629.7346860052385,3629.7346860052385,0.0,0.0,0.0,0.0,1940.789852904792,1940.789852904792
 01/28  10:00:00,-3.3,3756.2091279324522,1233.7297148496868,0.061305009773709014,23.362243979116638,127.26147114860608,0.0,19.745681373249926,2.7869434857016655,16.69473353354753,2540.2201838525725,2540.2201838525725,0.0,0.0,0.0,0.0,0.0,0.0
 01/28  11:00:00,-1.7,1460.0543978998712,496.17429089347473,0.024276448572892274,130.0524147063906,50.3949519899388,0.0,19.905342445189785,5.056683029451632,16.628445266938044,1006.5006222797892,1006.5006222797892,0.0,0.0,0.0,0.0,0.0,0.0
 01/28  12:00:00,-1.1,388.12608940860866,134.7589775646298,0.00653821362595021,181.16148439522325,13.572545551264215,0.0,19.861325163469907,6.352008599780229,16.56598538526841,274.6567761553997,274.6567761553997,0.0,0.0,0.0,0.0,0.0,0.0
 01/28  13:00:00,-1.1,0.0,0.0,0.0,200.0,0.0,0.0,19.874015852960905,6.93221336179831,16.535396895641284,-106.71545640989461,-106.71545640989461,0.0,0.0,0.0,0.0,0.0,0.0
 01/28  14:00:00,0.0,512.7765313205942,173.7330212954598,0.008355449856087667,175.9254925727574,17.34493214949284,0.0,19.726732466799568,6.327108462136889,16.525859836349234,365.1213098395492,365.1213098395492,0.0,0.0,0.0,0.0,0.0,0.0
 01/28  15:00:00,-0.6,0.0,0.0,0.0,200.0,0.0,0.0,20.48302158851662,6.925418041950981,16.53715264202033,-92.99918143392824,-92.99918143392824,0.0,0.0,0.0,0.0,0.0,0.0
 01/28  16:00:00,-0.6,0.0,0.0,0.0,200.0,0.0,0.0,20.82157118288738,5.877366871333512,16.555756941628562,-963.5648017284857,-963.5648017284857,0.0,0.0,0.0,0.0,0.0,0.0
 01/28  17:00:00,-3.3,0.0,0.0,0.0,200.0,0.0,0.0,19.826198874439378,3.217209630504644,16.57146641611138,-95.20415718155891,-95.20415718155891,0.0,0.0,0.0,0.0,0.0,0.0
 01/28  18:00:00,-4.4,2780.547826415293,959.2594795450512,0.047965888560040276,61.796173721078354,99.5709820111294,70.55119738036024,19.671631328080064,0.4449732368311076,16.579972672897277,1148.0960916389413,1148.0960916389413,0.0,0.0,0.0,0.0,0.0,0.0
 01/28  19:00:00,-4.4,2502.845006006562,866.8213389973229,0.04347183431929557,74.74486518122903,90.24190750144028,0.0,19.728298464314037,-0.9216778313853862,16.564288298442886,1656.4078440760331,1656.4078440760331,0.0,0.0,0.0,0.0,0.0,0.0
 01/28  20:00:00,-6.1,3978.6153861005228,1365.3771568118138,0.06941325700091107,0.0,144.0947665036027,85.44000000000005,19.793848181936504,-1.0894653638648575,16.512730366486515,1584.0715467863756,1584.0715467863756,0.0,0.0,0.0,0.0,101.0331482218462,101.0331482218462
 01/28  21:00:00,-6.7,3907.4100850652067,1360.0156567126285,0.06941325700091107,0.0,144.0947665036027,85.44000000000005,19.727945094602056,-1.7726279437259784,16.449051055608543,1771.0760324892835,1771.0760324892835,0.0,0.0,0.0,0.0,377.64324798048165,377.64324798048165
 01/28  22:00:00,-6.7,3908.9882454091107,1358.2039224182977,0.06941325700091107,0.0,144.0947665036027,42.20766535382111,19.725805513885504,-2.2747345998555177,16.366152643611308,2055.8009641122426,2055.8009641122426,0.0,0.0,0.0,0.0,70.71974766028006,70.71974766028006
 01/28  23:00:00,-7.8,2634.857101235647,969.5419207051245,0.05001988631455077,55.878002342134025,103.83425482407357,0.0,19.028018229714434,-3.3105270654792873,16.27766168143737,1586.1370643498904,1586.1370643498904,0.0,0.0,0.0,0.0,0.0,0.0
 01/28  24:00:00,-7.8,3339.276831942619,1182.5592067225973,0.061841814834227744,21.815550786167393,128.37492685306816,0.0,18.701058513623163,-3.622760324131999,16.1387195638595,2043.1307030373118,2043.1307030373118,0.0,0.0,0.0,0.0,0.0,0.0
 01/29  01:00:00,-7.8,3806.2710511767923,1318.7566114564659,0.06941325700091107,0.0,144.0947665036027,0.0,18.61001298795103,-3.738848617879798,16.010680014521323,2647.0951132016835,2647.0951132016835,0.0,0.0,0.0,0.0,386.2228278505563,386.2228278505563
 01/29  02:00:00,-8.9,3676.384606630909,1300.9971564148675,2.277087002714695,0.0,144.0947665036027,0.0,18.607183470549426,-4.366091532667897,15.880986524468831,3078.496030492899,3078.496030492899,0.0,0.0,0.0,0.0,1028.9300683582605,1028.9300683582605
 01/29  03:00:00,-8.9,3663.084087113384,1295.9701198233113,5.9594851708004,0.0,144.0947665036027,0.0,18.60566650362016,-4.898484919745612,15.76017694671962,3489.652507186014,3489.652507186014,0.0,0.0,0.0,0.0,1576.3928450816293,1576.3928450816293
 01/29  04:00:00,-8.9,3663.2594958679033,1295.773324113432,5.9594851708004,0.0,144.0947665036027,0.0,18.604736464615772,-4.815835518823166,15.63823051242652,3698.8719759759388,3698.8719759759388,0.0,0.0,0.0,0.0,1852.0696488378057,1852.0696488378057
 01/29  05:00:00,-10.6,3437.2523130961818,1261.4841441189672,17.51505451088665,0.0,144.0947665036027,0.0,18.604107664314114,-5.006827903080288,15.50085268002118,4175.774255962882,4175.774255962882,0.0,0.0,0.0,0.0,2659.114174403147,2659.114174403147
 01/29  06:00:00,-9.4,3585.3969239106277,1281.5450239571196,12.30647990901608,0.0,144.0947665036027,72.63522124569407,19.275065998541972,-4.639868471278827,15.39493081662114,4923.409708412428,4923.409708412428,0.0,0.0,0.0,0.0,4247.725495859124,4247.725495859124
 01/29  07:00:00,-9.4,3570.869155309202,1297.7239043062025,12.30647990901608,0.0,144.0947665036027,85.44000000000005,19.531618438229422,-4.4504934646441,15.302564211251719,4928.918466696383,4928.918466696383,0.0,0.0,0.0,0.0,4602.952180364822,4602.952180364822
 01/29  08:00:00,-8.9,3616.7834090964957,1308.4443533318258,13.240094295541045,0.0,144.0947665036027,59.36903893097544,19.64848381164123,-3.7109139428572733,15.197133079086814,4268.510757353999,4268.510757353999,0.0,0.0,0.0,0.0,3441.1015976702993,3441.1015976702993
 01/29  09:00:00,-6.1,3982.15592159196,1361.287327788206,0.06941325700091107,0.0,144.0947665036027,0.0,19.708800437257793,-1.042569833090782,15.119963956865098,3280.5715584382015,3280.5715584382015,0.0,0.0,0.0,0.0,1083.9158173972264,1083.9158173972264
 01/29  10:00:00,-6.1,3980.8827870465975,1362.7580021739184,0.06941325700091107,0.0,144.0947665036027,0.0,19.720395474913254,2.149986191240364,15.038323161742582,2502.7197230126676,2502.7197230126676,0.0,0.0,0.0,0.0,11.942582220607619,11.942582220607619
 01/29  11:00:00,-1.7,2594.1503013829806,853.3331363552103,0.041855836916192345,79.40102878145316,86.88762271220592,0.0,19.832010794721235,5.102210671873542,14.983974584467523,1756.527226805887,1756.527226805887,0.0,0.0,0.0,0.0,0.0,0.0
 01/29  12:00:00,-0.6,1556.1618442123786,517.1280488034066,0.025067102664300747,127.77430782718714,52.036323559271615,0.0,20.004651879184898,7.49000342997076,14.94441180518916,1110.4320823056005,1110.4320823056005,0.0,0.0,0.0,0.0,0.0,0.0
 01/29  13:00:00,-0.6,1419.854154355636,475.471210238678,0.022970476628446597,133.815303816834,47.683976972781444,0.0,19.760750400103777,7.374146193781686,14.941657233434828,1047.7520461007825,1047.7520461007825,0.0,0.0,0.0,0.0,0.0,0.0
 01/29  14:00:00,1.1,1437.9734351555342,464.5617334607658,0.022215811171425265,135.98971686018515,46.11747068478915,0.0,19.917559909363792,7.7416000384015415,14.9464832405314,1061.1644178698862,1061.1644178698862,0.0,0.0,0.0,0.0,0.0,0.0
 01/29  15:00:00,2.2,2286.416889437903,713.453288447903,0.03368099394740918,102.95515467033304,69.91795338123076,70.57179473261533,19.720669269945358,7.993790352181458,14.983925315481969,970.1953497115301,970.1953497115301,0.0,0.0,0.0,0.0,0.0,0.0
 01/29  16:00:00,2.2,2455.6407161337406,759.6721451289951,0.03599984532013792,96.27386215383783,74.73162821208051,76.79456721951762,19.705042724911376,7.616006883070189,14.989431579001787,1035.8897104525986,1035.8897104525986,0.0,0.0,0.0,0.0,0.0,0.0
 01/29  17:00:00,2.8,1140.099085245789,360.218607597431,0.016977028189211252,151.08419076491853,35.24242164698488,0.0,19.845251688064227,6.757907608122534,14.963900382975252,854.7755061287771,854.7755061287771,0.0,0.0,0.0,0.0,0.0,0.0
 01/29  18:00:00,2.8,1082.1363998142253,343.5205677507081,0.01614628981706737,153.4777922411696,33.51790112826506,0.0,19.877149496697882,5.818929018539467,14.97547130426708,805.1992444321513,805.1992444321513,0.0,0.0,0.0,0.0,0.0,0.0
 01/29  19:00:00,2.8,924.9928047161211,294.97000047103245,0.013855214171761493,160.0790547212627,28.7618829892605,0.0,19.77475748301651,4.775113475249999,14.969887541632017,663.8328851457936,663.8328851457936,0.0,0.0,0.0,0.0,0.0,0.0
 01/29  20:00:00,1.1,2401.6102327163007,758.144367569764,0.03624955397624258,95.5543781045549,75.2499078050507,85.44000000000005,19.614215830628797,4.068429596879899,15.000921386639156,734.2985829341378,734.2985829341378,0.0,0.0,0.0,0.0,0.0,0.0
 01/29  21:00:00,1.1,2572.0616463413257,805.5493428156557,0.038636538399686414,88.67677423873282,80.20501348129483,85.44000000000005,19.69762657582459,3.429628633260356,14.978515714285754,872.0619830790547,872.0619830790547,0.0,0.0,0.0,0.0,0.0,0.0
 01/29  22:00:00,1.1,1687.3232215735031,540.9929459399407,0.025902402134463386,125.36756448664148,53.7704099099945,13.665137241924988,19.766235395566017,2.838202146424567,14.933229367560278,1051.3430251276695,1051.3430251276695,0.0,0.0,0.0,0.0,0.0,0.0
 01/29  23:00:00,1.1,683.0241521506003,224.88447566537448,0.010751645617211938,169.02134813506643,22.319180585907127,0.0,18.7808591797119,1.8453140389342162,14.87281264188214,456.7429718190742,456.7429718190742,0.0,0.0,0.0,0.0,0.0,0.0
 01/29  24:00:00,1.1,1238.6530453067367,392.70959062848846,0.01914240205019008,144.84511208013527,39.737427651337306,0.0,18.628593966484857,1.5749539832796546,14.83500328499589,881.2315276481768,881.2315276481768,0.0,0.0,0.0,0.0,0.0,0.0
 01/30  01:00:00,1.1,1914.6699911821574,594.8647464982612,0.029086661128527962,116.19277819467197,60.380567401328236,0.0,18.58159482998087,1.5973333533017815,14.79262108008301,1360.2046358759217,1360.2046358759217,0.0,0.0,0.0,0.0,0.0,0.0
 01/30  02:00:00,1.1,2428.942211095245,744.4586057534065,0.036439211581149926,95.007918787987,75.64361768403892,0.0,18.535174547471232,2.1770135588051938,14.743311979343812,1723.6583347697888,1723.6583347697888,0.0,0.0,0.0,0.0,0.0,0.0
 01/30  03:00:00,1.1,2752.1648954742705,836.0641390782172,0.04096401220866287,81.97063794852556,85.03658416744877,0.0,18.60016017508707,2.662493335226681,14.689877349822682,1967.4144701266086,1967.4144701266086,0.0,0.0,0.0,0.0,0.0,0.0
 01/30  04:00:00,1.1,2948.8197567802476,892.9565081177276,0.04370011264470178,74.0871282149224,90.71641425279114,0.0,18.607691482179764,2.8879011213979267,14.638011006459138,2105.8149836642187,2105.8149836642187,0.0,0.0,0.0,0.0,0.0,0.0
 01/30  05:00:00,0.6,2978.460885657524,908.7162867490548,6.899962613020191,69.931560953329,93.62089448264166,0.0,18.619279116092464,2.181088712020577,14.581041821357218,2134.3193570541625,2134.3193570541625,0.0,0.0,0.0,0.0,0.0,0.0
 01/30  06:00:00,0.6,4364.510396866099,1288.4702370098933,14.858335825506918,14.555030278420933,133.41345316476477,0.0,19.347622586223867,2.1822993506425012,14.551118293352722,3085.6311439739948,3085.6311439739948,0.0,0.0,0.0,0.0,0.0,0.0
 01/30  07:00:00,0.6,4739.727709690669,1409.3522358020402,16.024522905975537,0.0,144.0947665036027,85.44000000000005,19.540537061611484,2.556294434924339,14.537768002886352,2953.69353551299,2953.69353551299,0.0,0.0,0.0,0.0,798.9499789316369,798.9499789316369
 01/30  08:00:00,1.1,4535.548943210203,1353.3755795480913,0.0650567368198397,12.552415401035555,135.050309532359,85.44000000000005,19.660285764078072,3.216162810193254,14.487114515666415,2134.0129822958916,2134.0129822958916,0.0,0.0,0.0,0.0,0.0,0.0
 01/30  09:00:00,1.7,2701.0890239574765,835.6260099483824,0.03985052788060403,85.17891364734267,82.7251691283897,55.39655176615393,19.712079661582486,3.9406939631334974,14.397988816680053,1299.0699397521093,1299.0699397521093,0.0,0.0,0.0,0.0,0.0,0.0
 01/30  10:00:00,1.7,875.6308082834516,283.38927905665275,0.013498459266749236,161.10697048383116,28.021268061758935,0.0,19.77349480811753,4.887203763132735,14.322061637010508,606.0459256012437,606.0459256012437,0.0,0.0,0.0,0.0,0.0,0.0
 01/30  11:00:00,3.3,0.0,0.0,0.0,200.0,0.0,0.0,19.79439494327102,7.544072102761156,14.297626607977106,-123.5858927803838,-123.5858927803838,0.0,0.0,0.0,0.0,0.0,0.0
 01/30  12:00:00,3.3,0.0,0.0,0.0,200.0,0.0,0.0,20.554908419383175,10.669124304385388,14.326159273200687,-639.5256984835269,-639.5256984835269,0.0,0.0,0.0,0.0,0.0,0.0
 01/30  13:00:00,3.3,0.0,0.0,0.0,200.0,0.0,0.0,21.08913360131228,12.29070896794633,14.370217208047363,-991.807022691497,-991.807022691497,0.0,0.0,0.0,0.0,0.0,0.0
 01/30  14:00:00,3.9,0.0,0.0,0.0,200.0,0.0,0.0,21.411376641272312,13.511039872798966,14.431703664929266,-1321.43820405497,-1321.43820405497,0.0,0.0,0.0,0.0,0.0,0.0
 01/30  15:00:00,2.8,0.0,0.0,0.0,200.0,0.0,0.0,21.96426734583975,13.482341921005222,14.508478669349563,-1907.0209482770788,-1907.0209482770788,0.0,0.0,0.0,0.0,0.0,0.0
 01/30  16:00:00,2.8,0.0,0.0,0.0,200.0,0.0,0.0,22.42105668476081,11.933352584687428,14.591586727881662,-2281.894499971293,-2281.894499971293,0.0,0.0,0.0,0.0,0.0,0.0
 01/30  17:00:00,0.0,0.0,0.0,0.0,200.0,0.0,74.85621767466,21.39906812629675,8.260033561705207,14.694479701329616,-2082.188055372806,-2082.188055372806,0.0,0.0,0.0,0.0,0.0,0.0
 01/30  18:00:00,-2.8,0.0,0.0,0.0,200.0,0.0,0.0,20.460462232206407,3.4472354439878545,14.780138219157749,-785.1395952246312,-785.1395952246312,0.0,0.0,0.0,0.0,0.0,0.0
 01/30  19:00:00,-2.8,0.0,0.0,0.0,200.0,0.0,85.44000000000005,19.08344843231732,1.2313746176084017,14.837092163156418,-38.229258932489756,-38.229258932489756,0.0,0.0,0.0,0.0,0.0,0.0
 01/30  20:00:00,-4.4,2263.480759736043,776.0098809589333,0.03943738085491129,86.36931168812994,81.86690756669645,79.65105062977607,19.414427937384758,-0.12049217648992729,14.890678571317908,609.4902480819364,609.4902480819364,0.0,0.0,0.0,0.0,0.0,0.0
 01/30  21:00:00,-6.7,2215.5002219867915,800.7140966153378,0.04122494617502245,81.21881048030532,85.57735734720318,0.0,19.58931220081673,-1.7133597518403783,14.863187965230024,1417.972680007655,1417.972680007655,0.0,0.0,0.0,0.0,0.0,0.0
 01/30  22:00:00,-6.7,3014.7781508091907,1068.8267699716682,0.05485372233375266,41.95029968689501,113.868833339531,0.0,19.634438555096043,-2.0973362000164983,14.836019469412971,1846.0693341209062,1846.0693341209062,0.0,0.0,0.0,0.0,0.0,0.0
 01/30  23:00:00,-7.8,3081.04363613729,1113.7520815200157,0.057658831590754876,33.867955252414994,119.69163407072836,0.0,18.92724553223905,-2.9505700636182453,14.760398512553278,1859.204715068021,1859.204715068021,0.0,0.0,0.0,0.0,0.0,0.0
 01/30  24:00:00,-8.3,3599.5803013545587,1270.851593627291,0.06698503270049808,6.996428075349126,139.05140591295577,0.0,18.738318004284448,-3.2784088409202434,14.652024293401627,2178.076695846099,2178.076695846099,0.0,0.0,0.0,0.0,0.0,0.0
 01/31  01:00:00,-8.3,3750.61821699051,1312.0019412956278,0.06941325700091107,0.0,144.0947665036027,0.0,18.64090505959648,-3.5968438081271854,14.55789146412104,2794.8023171262503,2794.8023171262503,0.0,0.0,0.0,0.0,642.1994678024007,642.1994678024007
 01/31  02:00:00,-8.9,3685.5575617377162,1302.6657279724516,0.06941325700091107,0.0,144.0947665036027,0.0,18.61650630617592,-4.013633027446151,14.453652943863775,3242.125119539882,3242.125119539882,0.0,0.0,0.0,0.0,1248.5749464910102,1248.5749464910102
 01/31  03:00:00,-9.4,3628.6412079223137,1295.5446390304028,0.6217332705986277,0.0,144.0947665036027,0.0,18.60908669043351,-4.212472773783861,14.343262421211866,3571.057641191541,3571.057641191541,0.0,0.0,0.0,0.0,1726.458857152822,1726.458857152822
 01/31  04:00:00,-9.4,3628.9377916046014,1295.2139081974735,0.6217332705986277,0.0,144.0947665036027,0.0,18.60526967243214,-4.481798156664208,14.235717384230389,3817.078882089447,3817.078882089447,0.0,0.0,0.0,0.0,2026.0179545598037,2026.0179545598037
 01/31  05:00:00,-10.0,3552.864229040221,1284.4410206716552,3.509869554744212,0.0,144.0947665036027,0.0,18.606722210617193,-4.769814666115245,14.121844925996061,3903.5524526619047,3903.5524526619047,0.0,0.0,0.0,0.0,2230.2703213076943,2230.2703213076943
 01/31  06:00:00,-11.1,3406.700779275626,1261.572016051224,11.479727386014307,0.0,144.0947665036027,85.44000000000005,19.136035148879962,-4.8792991140669155,14.004716675017821,5271.145297208332,5271.145297208332,0.0,0.0,0.0,0.0,4861.956213517996,4861.956213517996
 01/31  07:00:00,-11.1,3395.4164941514673,1273.8416177120002,11.479727386014307,0.0,144.0947665036027,85.44000000000005,19.372900460940713,-4.851522078103599,13.927176957237618,5167.8893150208405,5167.8893150208405,0.0,0.0,0.0,0.0,4861.956213517996,4861.956213517996
 01/31  08:00:00,-8.9,3648.615212340725,1312.2343048611383,5.950840667426504,0.0,144.0947665036027,59.7381882874731,19.59100210924502,-4.005087450735075,13.850102255621595,4196.242169396024,4196.242169396024,0.0,0.0,0.0,0.0,3326.829706704662,3326.829706704662
 01/31  09:00:00,-7.8,3789.1900194572268,1338.1487289281906,0.06941325700091107,0.0,144.0947665036027,0.0,19.692498560339935,-1.927148313745847,13.776234011570033,3014.987912922885,3014.987912922885,0.0,0.0,0.0,0.0,996.5379823188703,996.5379823188703
 01/31  10:00:00,-7.8,3768.2067635203803,1334.7318785029254,0.06910764299231906,0.880563805233936,143.45775823382525,0.0,19.716532932833246,0.7182137351994189,13.710237812294213,2255.917832895313,2255.917832895313,0.0,0.0,0.0,0.0,0.0,0.0
 01/31  11:00:00,-4.4,2203.714200202715,767.4950268006378,0.03857231965702907,88.86180731579041,80.07114913403635,0.0,19.856753163628344,6.5338379588950914,13.633105137015004,1417.8800075808667,1417.8800075808667,0.0,0.0,0.0,0.0,0.0,0.0
 01/31  12:00:00,-3.9,1066.914412218604,381.37365146333303,0.01903147681870714,145.16472028258997,39.50691341805284,0.0,19.820824724815168,12.962472184119811,13.5849843654423,755.6249952565486,755.6249952565486,0.0,0.0,0.0,0.0,0.0,0.0
 01/31  13:00:00,-3.9,571.9401270371634,207.1691394748331,0.010345088551317322,170.1927585643142,21.475081649736662,0.0,19.699226758923768,15.798122604187375,13.578221452076955,447.1869672397279,447.1869672397279,0.0,0.0,0.0,0.0,0.0,0.0
 01/31  14:00:00,-1.7,347.07594516902645,120.89005096573999,0.0059389060700160085,182.88826565237227,12.32844615849258,0.0,19.85772434068706,16.77371629930617,13.60252628452482,283.5335451959163,283.5335451959163,0.0,0.0,0.0,0.0,0.0,0.0
 01/31  15:00:00,-0.6,0.0,0.0,0.0,200.0,0.0,0.0,19.93788600125888,14.920179467202722,13.633431283982585,-165.56442352342856,-165.56442352342856,0.0,0.0,0.0,0.0,0.0,0.0
 01/31  16:00:00,-0.6,1573.9302353888581,523.1899063362032,0.02534561658476536,126.97182734291607,52.61448526805196,85.44000000000005,19.71318771796227,12.046325344347869,13.766161736746204,293.5242100322321,293.5242100322321,0.0,0.0,0.0,0.0,0.0,0.0
 01/31  17:00:00,-0.6,1592.0139350403376,526.1634423287645,0.02559815083294821,126.24420193216916,53.13871677288519,62.088420372241806,19.79516909920583,9.544891438120395,13.80581095352456,577.9709515197628,577.9709515197628,0.0,0.0,0.0,0.0,0.0,0.0
 01/31  18:00:00,-1.1,910.1199734172932,309.5917097853582,0.015100450546195453,156.49116264347816,31.34672051725702,0.0,19.7211253461454,5.215297918125619,13.819478497225516,687.402371150245,687.402371150245,0.0,0.0,0.0,0.0,0.0,0.0
 01/31  19:00:00,-1.2,963.1441673585488,327.18079314662896,0.015995087227196433,153.91345135415128,33.203874798709364,0.0,19.748642312019044,3.6662901748378327,13.848717984543045,689.5423013003365,689.5423013003365,0.0,0.0,0.0,0.0,0.0,0.0
 01/31  20:00:00,-1.2,1050.1103942853213,356.15669870678676,0.01740197422780871,149.85979629919885,36.12440273719106,0.0,19.75241312868367,2.443233252156468,13.859002981849043,713.1790227328474,713.1790227328474,0.0,0.0,0.0,0.0,0.0,0.0
 01/31  21:00:00,-1.1,1172.379922670987,395.665912146213,0.01931458741035105,144.3489954372908,40.09476225027141,0.0,19.69550318119142,1.855810302675856,13.856235547515118,806.2951886815645,806.2951886815645,0.0,0.0,0.0,0.0,0.0,0.0
 01/31  22:00:00,-0.8,1658.9195160600323,549.4855191392778,4.262214002119495,121.97654296564559,56.143525371081736,0.0,19.694012948487494,1.6032546480345655,13.857212469722567,1108.6134309356567,1108.6134309356567,0.0,0.0,0.0,0.0,0.0,0.0
 01/31  23:00:00,-1.5,1212.952688723102,411.9081905691356,4.8325155930355495,140.83756599552368,42.53618176143185,0.0,18.60312796995623,0.4646989832510273,13.806509326478299,815.1971146127798,815.1971146127798,0.0,0.0,0.0,0.0,0.0,0.0
 01/31  24:00:00,-2.2,3302.2651956886425,1046.6797916389871,23.112126634255684,43.341887142617196,112.39762295862732,72.86367592994036,18.401870341208635,0.33381477778717356,13.811231000399681,1458.8420907526688,1458.8420907526688,0.0,0.0,0.0,0.0,0.0,0.0
 02/01  01:00:00,-3.4,4176.6757625189,1307.5601907628643,36.73159211754584,0.0,144.0947665036027,0.0,18.358822946492467,0.34309818347092286,13.755034398096289,2829.1753010965986,2829.1753010965986,0.0,0.0,0.0,0.0,57.25965405798706,57.25965405798706
 02/01  02:00:00,-5.3,4025.819228860815,1308.0770948208458,19.97395104460187,0.0,144.0947665036027,0.0,18.525676989808915,-0.9045675931371717,13.680996859953247,3586.87717073368,3586.87717073368,0.0,0.0,0.0,0.0,1112.814553069913,1112.814553069913
 02/01  03:00:00,-6.4,3906.393964421645,1303.8320081115135,17.23001608381276,0.0,144.0947665036027,0.0,18.58138077595201,-1.5601384215333831,13.620235946688144,3710.125463683724,3710.125463683724,0.0,0.0,0.0,0.0,1463.593643928582,1463.593643928582
 02/01  04:00:00,-7.5,3805.7094784205697,1301.7176252367155,10.645089457209739,0.0,144.0947665036027,0.0,18.59763027286051,-2.5783888359118605,13.54221203018786,3829.80899802999,3829.80899802999,0.0,0.0,0.0,0.0,1740.1384311501442,1740.1384311501442
 02/01  05:00:00,-8.1,3761.4159633815866,1303.5144552156646,4.399915550812467,0.0,144.0947665036027,0.0,18.604108520343107,-3.5387678267343676,13.462444611886891,3930.9062905035353,3930.9062905035353,0.0,0.0,0.0,0.0,1970.1511458362424,1970.1511458362424
 02/01  06:00:00,-7.9,3793.158257933666,1308.9895369139224,1.9649561924041832,0.0,144.0947665036027,0.0,19.37977898854478,-3.6521114130020287,13.385354195659701,4818.210647345659,4818.210647345659,0.0,0.0,0.0,0.0,3042.294752566144,3042.294752566144
 02/01  07:00:00,-8.3,3713.1244457034177,1317.4872389014422,6.737278562824418,0.0,144.0947665036027,0.0,19.62071014082822,-3.9439051352577903,13.336967699336483,4864.880317960158,4864.880317960158,0.0,0.0,0.0,0.0,3266.8607868422864,3266.8607868422864
 02/01  08:00:00,-7.8,3789.2015079322273,1338.1356955299823,0.06941325700091107,0.0,144.0947665036027,0.0,19.69077467895329,-3.173173135334566,13.267401759536916,3703.108079882686,3703.108079882686,0.0,0.0,0.0,0.0,1827.2010146733396,1827.2010146733396
 02/01  09:00:00,-7.2,3856.2139969530353,1346.827680099673,0.06941325700091107,0.0,144.0947665036027,85.44000000000005,19.6959186133415,-0.039957702022290736,13.207914707753533,2455.741722457611,2455.741722457611,0.0,0.0,0.0,0.0,1534.0778385278022,1534.0778385278022
 02/01  10:00:00,-7.2,3856.1760674276215,1346.871001129214,0.06941325700091107,0.0,144.0947665036027,85.44000000000005,19.711542572669696,3.2167897090685513,13.160497570107218,1776.385944476444,1776.385944476444,0.0,0.0,0.0,0.0,555.570783632093,555.570783632093
 02/01  11:00:00,-5.0,2948.978352628527,1016.1028672114867,0.051370497136028835,51.98649550372032,106.63841726816149,85.44000000000005,19.766358384960746,9.295510511284684,13.11526288750723,1034.1519913600714,1034.1519913600714,0.0,0.0,0.0,0.0,0.0,0.0
 02/01  12:00:00,-3.9,1849.4669461467631,644.8580798425919,0.6950651234918843,106.91618618827957,67.04725235375976,80.29481167179685,19.83271742810615,10.496443479340375,13.085399955980503,591.6663347554968,591.6663347554968,0.0,0.0,0.0,0.0,0.0,0.0
 02/01  13:00:00,-3.9,234.746948021241,85.85112534939888,0.09239030353854379,187.62699850427674,8.912136566454775,0.0,19.872388320419677,12.25229491647695,13.04366872237436,172.87460900185215,172.87460900185215,0.0,0.0,0.0,0.0,0.0,0.0
 02/01  14:00:00,-2.2,0.0,0.0,0.0,200.0,0.0,0.0,20.51304502634187,15.178780785662433,13.089372452272148,-519.1718698292789,-519.1718698292789,0.0,0.0,0.0,0.0,0.0,0.0
 02/01  15:00:00,-1.1,0.0,0.0,0.0,200.0,0.0,0.0,21.244210873711573,16.75985212355876,13.155238667758375,-1291.0235118389464,-1291.0235118389464,0.0,0.0,0.0,0.0,0.0,0.0
 02/01  16:00:00,-1.1,0.0,0.0,0.0,200.0,0.0,0.0,21.805288922205673,16.15196032252944,13.236217494486015,-1765.9017689417706,-1765.9017689417706,0.0,0.0,0.0,0.0,0.0,0.0
 02/01  17:00:00,-1.7,0.0,0.0,0.0,200.0,0.0,0.0,22.02931729196254,12.857495924079167,13.333628586820687,-1929.6354590748633,-1929.6354590748633,0.0,0.0,0.0,0.0,0.0,0.0
 02/01  18:00:00,-2.2,0.0,0.0,0.0,200.0,0.0,0.0,21.17742110757349,8.217758877869848,13.436579929612904,-1240.9762416278882,-1240.9762416278882,0.0,0.0,0.0,0.0,0.0,0.0
 02/01  19:00:00,-2.2,0.0,0.0,0.0,200.0,0.0,85.44000000000005,19.96901314896641,4.7549299164641194,13.51976387821176,-966.7275419606613,-966.7275419606613,0.0,0.0,0.0,0.0,0.0,0.0
 02/01  20:00:00,-3.3,0.0,0.0,0.0,200.0,0.0,85.44000000000005,19.285769367815032,1.7721950129008035,13.565938504806965,-412.4731170797113,-412.4731170797113,0.0,0.0,0.0,0.0,0.0,0.0
 02/01  21:00:00,-3.9,1124.8359492888496,397.2255841151716,8.132579245577302,140.62328999390607,42.57421783091699,15.566161828057808,19.60203917080231,0.22355627274245035,13.625248176436575,556.1217472699773,556.1217472699773,0.0,0.0,0.0,0.0,0.0,0.0
 02/01  22:00:00,-3.9,1648.87805346023,578.0257591448844,11.761813378392734,114.12591737185762,61.57283169570507,0.0,19.662403341415885,-0.0517643102493328,13.637898054924957,1069.9342927327416,1069.9342927327416,0.0,0.0,0.0,0.0,0.0,0.0
 02/01  23:00:00,-3.3,941.4403446870813,332.7786671117082,2.9281076277357116,151.63441856723608,34.7781642939812,0.0,19.07571878633362,-0.518735784882495,13.575765934157099,604.1106558622378,604.1106558622378,0.0,0.0,0.0,0.0,0.0,0.0
 02/01  24:00:00,-3.9,1416.3391672258542,493.03826416867685,8.086674550046592,126.40464067802309,52.8206984829604,0.0,18.561044593637252,-0.7760233652356902,13.546401844764027,923.0586987078887,923.0586987078887,0.0,0.0,0.0,0.0,0.0,0.0
 02/02  01:00:00,-3.9,2254.676786341208,756.7091809952665,12.539060336622667,85.88428465587536,81.9037514145314,0.0,18.533713849348924,-0.5137991080317811,13.506324928756317,1481.948642881437,1481.948642881437,0.0,0.0,0.0,0.0,0.0,0.0
 02/02  02:00:00,-4.4,3132.3749590117923,1034.9095914409297,20.343301506553953,42.540044151306965,112.90493248746932,0.0,18.537311931290034,-0.4710171659518069,13.470184174815039,2053.6027585391694,2053.6027585391694,0.0,0.0,0.0,0.0,0.0,0.0
 02/02  03:00:00,-4.4,3719.752123485357,1209.229853879129,23.781117249662273,16.002683184904964,131.9330159342223,0.0,18.556461389076553,-0.43155185530807616,13.42393403741457,2431.8202236923735,2431.8202236923735,0.0,0.0,0.0,0.0,0.0,0.0
 02/02  04:00:00,-4.4,4102.525159348686,1314.7442656071719,25.84941743858222,0.0,144.0947665036027,0.0,18.562097274327723,-0.26052952000416285,13.375215608255004,2696.672310548738,2696.672310548738,0.0,0.0,0.0,0.0,24.127963981367884,24.127963981367884
 02/02  05:00:00,-3.9,4108.7035273313595,1303.645019014803,38.20963012954127,0.0,144.0947665036027,0.0,18.59535469764556,-0.14939960558398763,13.316189937050616,2795.517530977906,2795.517530977906,0.0,0.0,0.0,0.0,129.50263897213063,129.50263897213063
 02/02  06:00:00,-3.3,4191.703973980041,1315.1756780804672,35.128783481556475,0.0,144.0947665036027,0.0,19.369306550038246,0.6295750765332931,13.261987931567614,3781.43560689227,3781.43560689227,0.0,0.0,0.0,0.0,1220.6435984617037,1220.6435984617037
 02/02  07:00:00,-3.3,4174.743346525512,1335.1444659120784,35.128783481556475,0.0,144.0947665036027,0.0,19.61639662210159,0.935336664108411,13.244828581099616,3643.954280033584,3643.954280033584,0.0,0.0,0.0,0.0,1092.473611748902,1092.473611748902
 02/02  08:00:00,-3.0,4172.558049921743,1334.701012737391,42.54741275349345,0.0,144.0947665036027,0.0,19.691591399077637,1.1965250875207014,13.198066267559783,3359.7076614291727,3359.7076614291727,0.0,0.0,0.0,0.0,761.6384046556204,761.6384046556204
 02/02  09:00:00,-3.0,4003.152134584789,1282.824455941512,81.21904130653567,0.0,144.0947665036027,85.44000000000005,19.70376092430509,2.5098703023657354,13.14989297373135,3173.406435210989,3173.406435210989,0.0,0.0,0.0,0.0,1960.8832295098828,1960.8832295098828
 02/02  10:00:00,-1.7,4189.985978542519,1309.320939697408,72.62266004956254,0.0,144.0947665036027,85.44000000000005,19.699946772088676,3.7972348483570135,13.111076743087525,3076.3889987261864,3076.3889987261864,0.0,0.0,0.0,0.0,1734.6770714495187,1734.6770714495187
 02/02  11:00:00,2.2,4188.586537186294,1238.0289373652247,68.42474238035771,16.869903967166834,131.2467069078578,85.44000000000005,19.730688094218234,7.799287103701411,13.087892383577561,1786.759369686095,1786.759369686095,0.0,0.0,0.0,0.0,0.0,0.0
 02/02  12:00:00,3.3,2981.716199275627,892.9317387500926,36.5399212382756,71.8136547679657,92.07841514757143,85.44000000000005,19.76335528213636,9.952140170471964,13.009898634832599,1217.5548023402116,1217.5548023402116,0.0,0.0,0.0,0.0,0.0,0.0
 02/02  13:00:00,3.3,2238.9818878600763,683.0415830499431,27.932611688077195,102.00910993399846,70.38847693586162,72.76925620768444,19.75526465700482,10.817461349852314,12.997074805435735,971.4149301133803,971.4149301133803,0.0,0.0,0.0,0.0,0.0,0.0
 02/02  14:00:00,5.6,653.6502790226848,183.48672360102097,0.0,176.84945033335478,16.679365243226513,0.0,20.127278946478967,11.66187310603958,12.935817658564964,511.27759577135294,511.27759577135294,0.0,0.0,0.0,0.0,0.0,0.0
 02/02  15:00:00,5.0,291.53879090308914,91.53412541607001,4.3622639908600185,187.0366397897617,9.321615832127181,0.0,19.922289389893706,12.223755270822604,12.98043664657733,225.62206563660038,225.62206563660038,0.0,0.0,0.0,0.0,0.0,0.0
 02/02  16:00:00,5.0,321.54775365792847,100.40283529796801,4.803413239310689,185.72567451436245,10.264315055456269,0.0,19.737645800987966,10.833773877223235,13.030303560895199,244.2552182128129,244.2552182128129,0.0,0.0,0.0,0.0,0.0,0.0
 02/02  17:00:00,5.0,0.0,0.0,0.0,200.0,0.0,0.0,19.982802270221264,9.836247758362799,13.059555130018781,-52.907982704477945,-52.907982704477945,0.0,0.0,0.0,0.0,0.0,0.0
 02/02  18:00:00,2.8,1561.9895542478594,491.4605080829554,32.48697459158347,127.00827850101759,52.29835982785606,74.62026462609943,19.75197206145286,7.623810050070375,13.21403842464497,251.7162342785432,251.7162342785432,0.0,0.0,0.0,0.0,0.0,0.0
 02/02  19:00:00,2.8,2184.046503222556,672.7194138561475,44.66479186979034,99.64716351844064,71.90294278953891,85.44000000000005,19.704739242550424,5.765634720600807,13.280079525738595,373.93697027921735,373.93697027921735,0.0,0.0,0.0,0.0,0.0,0.0
 02/02  20:00:00,2.2,2265.282370958601,702.572385702838,38.87095415107723,96.12809317719993,74.4427849188908,85.44000000000005,19.73085407147006,4.086896508457367,13.308173645773978,390.1257750851855,390.1257750851855,0.0,0.0,0.0,0.0,0.0,0.0
 02/02  21:00:00,1.7,2120.873453754215,666.2804883848437,35.69759193232367,101.3589969430998,70.6660468123589,85.44000000000005,19.70147140628784,2.8447755250097155,13.311476872707233,410.1131874408529,410.1131874408529,0.0,0.0,0.0,0.0,0.0,0.0
 02/02  22:00:00,1.7,2187.3198152240025,685.4997916514609,36.748558172601264,98.45492530945967,72.74657140371413,85.44000000000005,19.69595663905626,2.6763609407145728,13.313639618579316,590.6258533995151,590.6258533995151,0.0,0.0,0.0,0.0,0.0,0.0
 02/02  23:00:00,2.8,372.95778914335,120.15909829934728,6.105020162038769,182.43774071614624,12.59973459164647,11.350852087180606,18.83901811459014,2.37545715123325,13.185283248584911,136.73492011992312,136.73492011992312,0.0,0.0,0.0,0.0,0.0,0.0
 02/02  24:00:00,3.3,629.1786236165442,195.47460784849656,8.14393036843075,171.4671552153694,20.495782012682422,0.0,18.731362943632742,3.0299894770054703,13.186973258714948,446.16246779987705,446.16246779987705,0.0,0.0,0.0,0.0,0.0,0.0
 06/01  01:00:00,22.9,0.0,0.0,0.0,0.0,29.828730141038132,0.0,24.42622481467661,20.573983788098694,20.003352573073553,-5945.712865798478,-5945.712865798478,0.0,0.0,0.0,0.0,0.0,0.0
 06/01  02:00:00,22.2,0.0,0.0,0.0,0.0,22.719027204009034,0.0,24.444730856705576,19.710078359432277,19.769303866109727,-5400.890828887992,-5400.890828887992,0.0,0.0,0.0,0.0,0.0,0.0
 06/01  03:00:00,22.4,0.0,0.0,0.0,0.0,17.485180305780023,0.0,24.43192667601939,19.079069097517085,19.625634978117343,-4894.975482799249,-4894.975482799249,0.0,0.0,0.0,0.0,0.0,0.0
 06/01  04:00:00,22.4,0.0,0.0,0.0,0.0,12.780000574475377,0.0,24.436760082480053,18.581344987505762,19.4898845833196,-4450.4011189662415,-4450.4011189662415,0.0,0.0,0.0,0.0,0.0,0.0
 06/01  05:00:00,23.9,0.0,0.0,0.0,0.0,12.193289771152088,0.0,24.406117109528648,18.47711761131572,19.37179317532881,-3995.810049933478,-3995.810049933478,0.0,0.0,0.0,0.0,0.0,0.0
 06/01  06:00:00,26.3,0.0,0.0,0.0,0.0,43.689047256001984,0.0,23.518791458094647,20.514254575456373,19.34841641546201,-3612.5961532042766,-3612.5961532042766,0.0,0.0,0.0,0.0,0.0,0.0
 06/01  07:00:00,22.8,0.0,0.0,0.0,0.0,32.43861519959293,82.7976332315397,23.40257629118148,24.62558692266688,19.193617619495047,-5303.138481714237,-5303.138481714237,0.0,0.0,0.0,0.0,0.0,0.0
 06/01  08:00:00,28.9,0.0,0.0,0.0,0.0,89.49996870744785,0.0,23.416896379823783,30.274649337450438,19.288326818977524,-6035.840327256834,-6035.840327256834,0.0,0.0,0.0,0.0,0.0,0.0
 06/01  09:00:00,30.6,0.0,0.0,0.0,0.0,108.76637625142955,0.0,23.388077453174354,35.46692298611051,19.30377322518845,-6681.447945536238,-6681.447945536238,0.0,0.0,0.0,0.0,0.0,0.0
 06/01  10:00:00,30.6,0.0,0.0,0.0,0.0,120.53111605614791,0.0,23.3561117351125,39.922256434244964,19.287246688288494,-7017.830495998263,-7017.830495998263,0.0,0.0,0.0,0.0,0.0,0.0
 06/01  11:00:00,32.8,0.0,0.0,0.0,0.0,132.9781159071778,0.0,23.35475243047843,44.321050208078,19.326399214640315,-7289.988549054011,-7289.988549054011,0.0,0.0,0.0,0.0,0.0,0.0
 06/01  12:00:00,32.2,0.0,0.0,0.0,0.0,138.7557756539781,0.0,23.34702888815328,46.03514636793817,19.38107424536064,-7367.094681648807,-7367.094681648807,0.0,0.0,0.0,0.0,0.0,0.0
 06/01  13:00:00,32.2,0.0,0.0,0.0,0.0,144.0947665036027,0.0,23.365784739793668,47.824844459915056,19.48008317384278,-7554.390236744031,-7554.390236744031,0.0,0.0,0.0,0.0,0.0,0.0
 06/01  14:00:00,33.3,0.0,0.0,0.0,0.0,135.03552097098662,62.3600277590946,23.333714851667636,50.7900408367424,19.55605510225003,-8129.654219139193,-8129.654219139193,0.0,0.0,0.0,0.0,0.0,0.0
 06/01  15:00:00,33.9,0.0,0.0,0.0,0.0,144.0947665036027,0.0,23.919235886073512,49.12170806014895,19.686350010886052,-8371.174015216784,-8371.174015216784,0.0,0.0,0.0,0.0,0.0,0.0
 06/01  16:00:00,33.9,0.0,0.0,0.0,0.0,144.0947665036027,0.0,24.303836983307107,47.82004853636932,19.842478247095166,-8797.107460510062,-8797.107460510062,0.0,0.0,0.0,0.0,0.0,0.0
 06/01  17:00:00,33.3,0.0,0.0,0.0,0.0,144.0947665036027,0.0,24.89275245018451,46.620280533077285,19.998092907723834,-9790.336046034194,-9790.336046034194,0.0,0.0,0.0,0.0,0.0,0.0
 06/01  18:00:00,31.7,0.0,0.0,0.0,0.0,144.0947665036027,0.0,25.202622744044856,40.81605882131547,20.174316100643292,-10255.078641284195,-10255.078641284195,0.0,0.0,0.0,0.0,0.0,0.0
 06/01  19:00:00,31.7,0.0,0.0,0.0,0.0,144.0947665036027,61.287842541169454,24.675384652584057,36.61373295677424,20.34152521274105,-10495.266483512925,-10495.266483512925,0.0,0.0,0.0,0.0,0.0,0.0
 06/01  20:00:00,28.3,0.0,0.0,0.0,0.0,144.0947665036027,0.0,24.380635198516945,31.64908600857058,20.430824128648233,-9697.27866419862,-9697.27866419862,0.0,0.0,0.0,0.0,0.0,0.0
 06/01  21:00:00,27.8,0.0,0.0,0.0,0.0,118.07598597834418,68.95841005451807,23.681005205832097,28.362188601306357,20.479725123092276,-8787.602043323564,-8787.602043323564,0.0,0.0,0.0,0.0,0.0,0.0
 06/01  22:00:00,27.8,0.0,0.0,0.0,0.0,123.3392633094346,0.0,23.42579260309576,25.924354997002172,20.52278805916383,-8004.479196913999,-8004.479196913999,0.0,0.0,0.0,0.0,0.0,0.0
 06/01  23:00:00,24.4,0.0,0.0,0.0,0.0,52.94645608535264,0.0,24.304261248556756,23.743364704341026,20.442329207024187,-7982.030083066291,-7982.030083066291,0.0,0.0,0.0,0.0,0.0,0.0
 06/01  24:00:00,23.3,0.0,0.0,0.0,0.0,37.644796293337734,0.0,24.417127468955155,21.496130448286554,20.43520702546034,-6430.383781076853,-6430.383781076853,0.0,0.0,0.0,0.0,0.0,0.0
 06/02  01:00:00,23.3,0.0,0.0,0.0,0.0,28.57745103641153,0.0,24.423596831652308,20.05411000586042,20.391107623873985,-5815.949503319469,-5815.949503319469,0.0,0.0,0.0,0.0,0.0,0.0
 06/02  02:00:00,21.7,0.0,0.0,0.0,0.0,20.495595514611463,0.0,24.446929428088666,18.558901583634096,20.335961384217445,-5332.392366756154,-5332.392366756154,0.0,0.0,0.0,0.0,0.0,0.0
 06/02  03:00:00,21.7,0.0,0.0,0.0,0.0,15.13138282692722,0.0,24.432469603179783,17.50168394864582,20.273690826342246,-4774.0353891303985,-4774.0353891303985,0.0,0.0,0.0,0.0,0.0,0.0
 06/02  04:00:00,21.7,0.0,0.0,0.0,0.0,10.806629954093651,0.0,24.427068650585017,17.161021040117557,20.203009373518153,-4287.8270233358,-4287.8270233358,0.0,0.0,0.0,0.0,0.0,0.0
 06/02  05:00:00,21.7,0.0,0.0,0.0,0.0,9.490994604433952,0.0,24.437725028153384,17.16467322574319,20.129576256927674,-3835.348331019535,-3835.348331019535,0.0,0.0,0.0,0.0,0.0,0.0
 06/02  06:00:00,23.3,0.0,0.0,0.0,0.0,35.976367020949525,0.0,23.462008939682665,18.954126632099495,20.10132135136575,-3130.8949769452283,-3130.8949769452283,0.0,0.0,0.0,0.0,0.0,0.0
 06/02  07:00:00,23.3,0.0,0.0,0.0,0.0,36.228065738110026,50.70835666960451,23.380780974213955,23.158485503988675,20.021242244455465,-4974.583653373658,-4974.583653373658,0.0,0.0,0.0,0.0,0.0,0.0
 06/02  08:00:00,27.2,0.0,0.0,0.0,0.0,45.03176420641069,71.4412497578769,23.394769864545363,28.889099948209573,19.99503693265512,-5589.634403618144,-5589.634403618144,0.0,0.0,0.0,0.0,0.0,0.0
 06/02  09:00:00,28.9,0.0,0.0,0.0,0.0,94.12436373073784,0.0,23.398198201122742,35.30920394679826,20.053938372985183,-6193.186753311222,-6193.186753311222,0.0,0.0,0.0,0.0,0.0,0.0
 06/02  10:00:00,28.9,0.0,0.0,0.0,0.0,112.74465429642576,0.0,23.370477522399515,40.631824871616246,20.079879989291033,-6686.031335589696,-6686.031335589696,0.0,0.0,0.0,0.0,0.0,0.0
 06/02  11:00:00,30.6,0.0,0.0,0.0,0.0,131.80248998562246,0.0,23.382429163777466,46.07544099899241,20.152751755621466,-7176.321505352356,-7176.321505352356,0.0,0.0,0.0,0.0,0.0,0.0
 06/02  12:00:00,32.2,0.0,0.0,0.0,0.0,144.0947665036027,0.0,23.426897690885802,48.758624821190274,20.239047930860625,-7433.378153553578,-7433.378153553578,0.0,0.0,0.0,0.0,0.0,0.0
 06/02  13:00:00,32.2,0.0,0.0,0.0,0.0,144.0947665036027,0.0,23.674010408283355,50.374082908675184,20.321832108566976,-7845.2399123404975,-7845.2399123404975,0.0,0.0,0.0,0.0,0.0,0.0
 06/02  14:00:00,32.2,0.0,0.0,0.0,0.0,144.0947665036027,0.0,24.095540208250092,53.219015880559425,20.437661047622736,-8442.91303121826,-8442.91303121826,0.0,0.0,0.0,0.0,0.0,0.0
 06/02  15:00:00,32.8,0.0,0.0,0.0,0.0,144.0947665036027,0.0,24.598418621278515,48.60224865059322,20.58393802426246,-9028.632461129346,-9028.632461129346,0.0,0.0,0.0,0.0,0.0,0.0
 06/02  16:00:00,32.8,0.0,0.0,0.0,0.0,144.0947665036027,0.0,24.884156172537015,46.395504553399526,20.740953503991427,-9548.110404038442,-9548.110404038442,0.0,0.0,0.0,0.0,0.0,0.0
 06/02  17:00:00,31.7,0.0,0.0,0.0,0.0,144.0947665036027,0.0,25.16389158984641,41.99496256374707,20.892852544261856,-10165.273095535482,-10165.273095535482,0.0,0.0,0.0,0.0,0.0,0.0
 06/02  18:00:00,30.6,0.0,0.0,0.0,0.0,144.0947665036027,59.855101826486425,24.81678844055967,39.62444669027926,21.041423256414085,-10585.09403934352,-10585.09403934352,0.0,0.0,0.0,0.0,0.0,0.0
 06/02  19:00:00,30.6,0.0,0.0,0.0,0.0,144.0947665036027,0.0,25.184495807399124,35.61925172265034,21.162230707406444,-10795.687799667376,-10795.687799667376,0.0,0.0,0.0,0.0,0.0,0.0
 06/02  20:00:00,27.8,0.0,0.0,0.0,0.0,138.2224862023224,85.44000000000005,24.048440460656224,30.948869895256113,21.271479687395846,-9700.60470239929,-9700.60470239929,0.0,0.0,0.0,0.0,0.0,0.0
 06/02  21:00:00,26.1,0.0,0.0,0.0,0.0,140.56210203941362,27.69066196353552,23.55860203989785,27.41015326609823,21.29809141161712,-9003.177885965033,-9003.177885965033,0.0,0.0,0.0,0.0,0.0,0.0
 06/02  22:00:00,26.1,0.0,0.0,0.0,0.0,120.5228538841531,0.0,23.38403540013116,25.24090076362253,21.308283460658892,-7910.794820317045,-7910.794820317045,0.0,0.0,0.0,0.0,0.0,0.0
 06/02  23:00:00,25.0,0.0,0.0,0.0,0.0,52.29951781633405,0.0,24.29988318457134,23.818091255709174,21.25135829372989,-7922.410407080395,-7922.410407080395,0.0,0.0,0.0,0.0,0.0,0.0
 06/02  24:00:00,24.4,0.0,0.0,0.0,0.0,38.27488637438941,0.0,24.421854543472342,21.87847536805318,21.232528468488336,-6409.5956138311285,-6409.5956138311285,0.0,0.0,0.0,0.0,0.0,0.0
 06/03  01:00:00,24.4,0.0,0.0,0.0,0.0,29.912000308420232,0.0,24.425090425250914,20.540671308590284,21.182550591851804,-5876.624616392381,-5876.624616392381,0.0,0.0,0.0,0.0,0.0,0.0
 06/03  02:00:00,22.2,0.0,0.0,0.0,0.0,22.184970511034347,0.0,24.446769429736104,19.95350374983991,21.121300875755793,-5357.815446555349,-5357.815446555349,0.0,0.0,0.0,0.0,0.0,0.0
 06/03  03:00:00,21.7,0.0,0.0,0.0,0.0,16.44612398361984,0.0,24.457386366456504,18.216823011778647,21.05317178486237,-4869.870813437707,-4869.870813437707,0.0,0.0,0.0,0.0,0.0,0.0
 06/03  04:00:00,21.7,0.0,0.0,0.0,0.0,13.416841607635554,0.0,24.42009848827313,18.35163280002303,20.98002671419283,-4324.763772070546,-4324.763772070546,0.0,0.0,0.0,0.0,0.0,0.0
 06/03  05:00:00,21.7,0.0,0.0,0.0,0.0,12.109469411069874,0.0,24.44174370752064,18.710761839431186,20.903560974453065,-4049.342272938873,-4049.342272938873,0.0,0.0,0.0,0.0,0.0,0.0
 06/03  06:00:00,22.8,0.0,0.0,0.0,0.0,19.455196917801004,51.59839582648879,23.668090384719243,20.60548185584322,20.838284613122468,-3426.117989506084,-3426.117989506084,0.0,0.0,0.0,0.0,0.0,0.0
 06/03  07:00:00,22.8,0.0,0.0,0.0,0.0,32.06817102030056,71.01697281216559,23.420773122747658,23.44529975569118,20.77740826601534,-5008.985930287079,-5008.985930287079,0.0,0.0,0.0,0.0,0.0,0.0
 06/03  08:00:00,27.2,0.0,0.0,0.0,0.0,82.41708972813635,0.0,23.363249646976968,29.73057093400013,20.788249280880407,-5782.5558770401585,-5782.5558770401585,0.0,0.0,0.0,0.0,0.0,0.0
 06/03  09:00:00,30.0,0.0,0.0,0.0,0.0,103.39183536025575,0.0,23.384622196484727,39.14387143920906,20.79062985796506,-6523.895086571874,-6523.895086571874,0.0,0.0,0.0,0.0,0.0,0.0
 06/03  10:00:00,30.0,0.0,0.0,0.0,0.0,126.07088307982083,0.0,23.385912111183977,45.94392015347306,20.822754879670146,-7025.42593941636,-7025.42593941636,0.0,0.0,0.0,0.0,0.0,0.0
 06/03  11:00:00,32.8,0.0,0.0,0.0,0.0,144.0947665036027,0.0,23.45917489997399,51.71309433713988,20.89328945501736,-7457.323989804405,-7457.323989804405,0.0,0.0,0.0,0.0,0.0,0.0
 06/03  12:00:00,32.8,0.0,0.0,0.0,0.0,144.0947665036027,0.0,23.473465328527727,51.1108926414817,20.9528580801583,-7343.964494792348,-7343.964494792348,0.0,0.0,0.0,0.0,0.0,0.0
 06/03  13:00:00,32.8,0.0,0.0,0.0,0.0,144.0947665036027,0.0,23.616382764231396,51.7563652096571,21.034641777233723,-7658.625558855332,-7658.625558855332,0.0,0.0,0.0,0.0,0.0,0.0
 06/03  14:00:00,34.4,0.0,0.0,0.0,0.0,144.0947665036027,0.0,24.115042741241897,49.594119995845155,21.151436565322157,-8453.101168077817,-8453.101168077817,0.0,0.0,0.0,0.0,0.0,0.0
 06/03  15:00:00,33.9,0.0,0.0,0.0,0.0,144.0947665036027,0.0,24.51663147529899,50.73553749462909,21.282173603416567,-8943.442260141986,-8943.442260141986,0.0,0.0,0.0,0.0,0.0,0.0
 06/03  16:00:00,33.9,0.0,0.0,0.0,0.0,144.0947665036027,85.44000000000005,24.193612437390087,49.047171575460965,21.432870530976416,-9596.163482189513,-9596.163482189513,0.0,0.0,0.0,0.0,0.0,0.0
 06/03  17:00:00,31.7,0.0,0.0,0.0,0.0,144.0947665036027,26.156322936827934,24.73108002494991,42.917994720782815,21.548979823785402,-10247.426699044154,-10247.426699044154,0.0,0.0,0.0,0.0,0.0,0.0
 06/03  18:00:00,30.0,0.0,0.0,0.0,0.0,144.0947665036027,0.0,25.060019921517725,39.370728633469106,21.70725439892936,-10285.922530355005,-10285.922530355005,0.0,0.0,0.0,0.0,0.0,0.0
 06/03  19:00:00,30.0,0.0,0.0,0.0,0.0,144.0947665036027,0.0,25.06334184303998,35.40930763115638,21.847557446274724,-10336.153674009394,-10336.153674009394,0.0,0.0,0.0,0.0,0.0,0.0
 06/03  20:00:00,27.8,0.0,0.0,0.0,0.0,144.0947665036027,68.4136939936472,24.005692455798908,31.638961660090736,21.943172762693194,-9628.409373967894,-9628.409373967894,0.0,0.0,0.0,0.0,0.0,0.0
 06/03  21:00:00,26.7,0.0,0.0,0.0,0.0,144.0947665036027,0.0,23.719756665059528,28.110526812069754,21.971238570831744,-9008.862390474394,-9008.862390474394,0.0,0.0,0.0,0.0,0.0,0.0
 06/03  22:00:00,26.7,0.0,0.0,0.0,0.0,122.65123071965637,0.0,23.423974133060486,26.175782797084626,21.989292210214828,-7951.750291513123,-7951.750291513123,0.0,0.0,0.0,0.0,0.0,0.0
 06/03  23:00:00,25.6,0.0,0.0,0.0,0.0,54.99580964329139,0.0,24.298487656808316,24.027008844775114,21.94152755170774,-8019.162787562924,-8019.162787562924,0.0,0.0,0.0,0.0,0.0,0.0
 06/03  24:00:00,23.3,0.0,0.0,0.0,0.0,38.58252056351155,0.0,24.416463388351584,21.686159364984402,21.92045337280734,-6461.919394319328,-6461.919394319328,0.0,0.0,0.0,0.0,0.0,0.0
 06/04  01:00:00,23.3,0.0,0.0,0.0,0.0,29.57295385148959,0.0,24.425976584518217,20.12720042642663,21.87161123212086,-5852.21402962594,-5852.21402962594,0.0,0.0,0.0,0.0,0.0,0.0
 06/04  02:00:00,21.7,0.0,0.0,0.0,0.0,21.564912026309138,0.0,24.4474501418148,18.571839259862703,21.81057346280474,-5395.055288940626,-5395.055288940626,0.0,0.0,0.0,0.0,0.0,0.0
 06/04  03:00:00,21.1,0.0,0.0,0.0,0.0,15.754788969802897,0.0,24.442444314553203,17.310330031818406,21.74106906418018,-4866.240937187535,-4866.240937187535,0.0,0.0,0.0,0.0,0.0,0.0
 06/04  04:00:00,21.1,0.0,0.0,0.0,0.0,11.125510103498273,0.0,24.42865381692481,16.41919295218439,21.66320878592703,-4375.830010558098,-4375.830010558098,0.0,0.0,0.0,0.0,0.0,0.0
 06/04  05:00:00,20.6,0.0,0.0,0.0,0.0,8.996059195887,0.0,24.451045316017666,15.622346504498136,21.57997463091559,-3938.956657307207,-3938.956657307207,0.0,0.0,0.0,0.0,0.0,0.0
 06/04  06:00:00,21.1,0.0,0.0,0.0,0.0,33.4453474471008,0.0,23.442767861447404,17.49654004036,21.51714242151325,-3063.8786602528908,-3063.8786602528908,0.0,0.0,0.0,0.0,0.0,0.0
 06/04  07:00:00,21.1,0.0,0.0,0.0,0.0,15.171017883463612,85.44000000000005,23.38281946708701,21.817063478003472,21.414431662614145,-4789.07248623978,-4789.07248623978,0.0,0.0,0.0,0.0,0.0,0.0
 06/04  08:00:00,26.1,0.0,0.0,0.0,0.0,38.31234421291297,67.73791115050324,23.359394723038555,28.941517598803046,21.37117945813321,-5322.886774560588,-5322.886774560588,0.0,0.0,0.0,0.0,0.0,0.0
 06/04  09:00:00,28.3,0.0,0.0,0.0,0.0,89.63011949842313,0.0,23.421319415880948,38.810637213627295,21.374728148853396,-6030.234468005858,-6030.234468005858,0.0,0.0,0.0,0.0,0.0,0.0
 06/04  10:00:00,28.3,0.0,0.0,0.0,0.0,115.82090580239408,0.0,23.391709996337777,44.72740989104754,21.383005918690195,-6708.728389240327,-6708.728389240327,0.0,0.0,0.0,0.0,0.0,0.0
 06/04  11:00:00,32.8,0.0,0.0,0.0,0.0,144.0947665036027,0.0,23.42739096244913,47.28992567580328,21.455083647785575,-7422.739196136281,-7422.739196136281,0.0,0.0,0.0,0.0,0.0,0.0
 06/04  12:00:00,33.9,0.0,0.0,0.0,0.0,144.0947665036027,0.0,23.536736724100667,48.61440182493634,21.506775423123244,-7670.427203043528,-7670.427203043528,0.0,0.0,0.0,0.0,0.0,0.0
 06/04  13:00:00,33.9,0.0,0.0,0.0,0.0,144.0947665036027,0.0,23.82640997461679,49.4340143457709,21.587589018365946,-8040.8388180279,-8040.8388180279,0.0,0.0,0.0,0.0,0.0,0.0
 06/04  14:00:00,34.4,0.0,0.0,0.0,0.0,144.0947665036027,0.0,24.409242435036077,54.27906538155477,21.697821304890955,-8824.742701252464,-8824.742701252464,0.0,0.0,0.0,0.0,0.0,0.0
 06/04  15:00:00,35.0,0.0,0.0,0.0,0.0,144.0947665036027,0.0,25.04615917765832,51.698976675090364,21.845922204245532,-9430.867447453737,-9430.867447453737,0.0,0.0,0.0,0.0,0.0,0.0
 06/04  16:00:00,35.0,0.0,0.0,0.0,0.0,144.0947665036027,0.0,25.48331851320414,49.9366898854844,22.008492518317638,-10058.879650051626,-10058.879650051626,0.0,0.0,0.0,0.0,0.0,0.0
 06/04  17:00:00,33.3,0.0,0.0,0.0,0.0,144.0947665036027,54.995109922294645,25.239052365281545,46.452139786768406,22.165714709136957,-10525.52268392178,-10525.52268392178,0.0,0.0,0.0,0.0,0.0,0.0
 06/04  18:00:00,32.8,0.0,0.0,0.0,0.0,144.0947665036027,0.0,25.830882799021975,42.62177723715817,22.30149528772549,-11247.854475644537,-11247.854475644537,0.0,0.0,0.0,0.0,0.0,0.0
 06/04  19:00:00,32.8,0.0,0.0,0.0,0.0,144.0947665036027,84.39540385677064,25.166135959093452,38.26481489232266,22.46732471536833,-11106.0398378701,-11106.0398378701,0.0,0.0,0.0,0.0,0.0,0.0
 06/04  20:00:00,28.9,0.0,0.0,0.0,0.0,144.0947665036027,0.0,25.08627671700566,33.0672373538139,22.528041207549787,-10582.253456955896,-10582.253456955896,0.0,0.0,0.0,0.0,0.0,0.0
 06/04  21:00:00,27.8,0.0,0.0,0.0,0.0,144.0947665036027,0.0,24.447626371728408,29.092651282323086,22.608274074939054,-9528.018963530842,-9528.018963530842,0.0,0.0,0.0,0.0,0.0,0.0
 06/04  22:00:00,27.8,0.0,0.0,0.0,0.0,144.0947665036027,0.0,23.733057825325176,26.423330447528738,22.623228754782897,-8835.950983331837,-8835.950983331837,0.0,0.0,0.0,0.0,0.0,0.0
 06/04  23:00:00,25.6,0.0,0.0,0.0,0.0,75.07476278329898,0.0,24.316224762217207,24.29075410451077,22.565986707530385,-8886.698909257397,-8886.698909257397,0.0,0.0,0.0,0.0,0.0,0.0
 06/04  24:00:00,23.3,0.0,0.0,0.0,0.0,51.189367939656165,0.0,24.412763507015686,22.663244494285895,22.544146409238333,-7302.311878882087,-7302.311878882087,0.0,0.0,0.0,0.0,0.0,0.0
 06/05  01:00:00,23.3,0.0,0.0,0.0,0.0,38.676691417821246,0.0,24.443663867963423,21.70511956440544,22.49304426863883,-6515.214166474172,-6515.214166474172,0.0,0.0,0.0,0.0,0.0,0.0
 06/05  02:00:00,21.7,0.0,0.0,0.0,0.0,28.954763229639326,0.0,24.451418846729098,19.639392932717996,22.42810921421667,-5852.429179554691,-5852.429179554691,0.0,0.0,0.0,0.0,0.0,0.0
 06/05  03:00:00,22.2,0.0,0.0,0.0,0.0,22.428370367214963,0.0,24.44405539255893,19.003931529488256,22.35521685028354,-5284.589916282752,-5284.589916282752,0.0,0.0,0.0,0.0,0.0,0.0
 06/05  04:00:00,22.2,0.0,0.0,0.0,0.0,17.18129175098366,0.0,24.445436777736706,18.59574802716179,22.272958541894802,-4849.534728450981,-4849.534728450981,0.0,0.0,0.0,0.0,0.0,0.0
 06/05  05:00:00,22.8,0.0,0.0,0.0,0.0,16.234484132068115,0.0,24.37879891179668,18.475739180832715,22.18811854960636,-4444.702661538928,-4444.702661538928,0.0,0.0,0.0,0.0,0.0,0.0
 06/05  06:00:00,22.0,0.0,0.0,0.0,0.0,6.696196899440914,85.44000000000005,23.6634444144626,19.324377991452366,22.09385595892808,-3783.868076350238,-3783.868076350238,0.0,0.0,0.0,0.0,0.0,0.0
 06/05  07:00:00,23.9,0.0,0.0,0.0,0.0,47.28419694209671,36.580341330468514,23.389496554820138,23.589309027410835,22.036204548986824,-5051.680394924697,-5051.680394924697,0.0,0.0,0.0,0.0,0.0,0.0
 06/05  08:00:00,28.9,0.0,0.0,0.0,0.0,85.2804865961583,0.0,23.38296491991191,31.637313319203,22.003838048750524,-5931.060497351691,-5931.060497351691,0.0,0.0,0.0,0.0,0.0,0.0
 06/05  09:00:00,31.1,0.0,0.0,0.0,0.0,110.88209317446297,0.0,23.41007036643214,36.831373110062025,21.992699061446064,-6661.971364439243,-6661.971364439243,0.0,0.0,0.0,0.0,0.0,0.0
 06/05  10:00:00,31.1,0.0,0.0,0.0,0.0,130.39468110291156,0.0,23.381193764422918,40.819354936679076,21.999960987525583,-7173.1422799994725,-7173.1422799994725,0.0,0.0,0.0,0.0,0.0,0.0
 06/05  11:00:00,35.0,0.0,0.0,0.0,0.0,144.0947665036027,0.0,23.513447938446287,45.28566118430153,22.05680264354476,-7695.332395306312,-7695.332395306312,0.0,0.0,0.0,0.0,0.0,0.0
 06/05  12:00:00,33.9,0.0,0.0,0.0,0.0,144.0947665036027,0.0,23.633162438830517,47.612280189181675,22.10130116968793,-7749.877249000459,-7749.877249000459,0.0,0.0,0.0,0.0,0.0,0.0
 06/05  13:00:00,33.9,0.0,0.0,0.0,0.0,144.0947665036027,0.0,23.692816818440416,46.43173160832109,22.182200613965435,-7787.395571482535,-7787.395571482535,0.0,0.0,0.0,0.0,0.0,0.0
 06/05  14:00:00,26.0,0.0,0.0,0.0,0.0,143.35700996117924,0.0,23.434555536954097,33.81188299343241,22.22746112678456,-7915.144229481251,-7915.144229481251,0.0,0.0,0.0,0.0,0.0,0.0
 06/05  15:00:00,24.4,0.0,0.0,0.0,0.0,94.57607022656333,57.438035513932114,23.35975077918881,34.25481586683924,22.267149897842508,-7414.0576133184295,-7414.0576133184295,0.0,0.0,0.0,0.0,0.0,0.0
 06/05  16:00:00,24.4,0.0,0.0,0.0,0.0,129.06995628195014,0.0,23.345673019042447,33.13694473912528,22.356721402109063,-7642.842797497815,-7642.842797497815,0.0,0.0,0.0,0.0,0.0,0.0
 06/05  17:00:00,26.1,0.0,0.0,0.0,0.0,144.0947665036027,0.0,23.4008046366168,35.57522834784658,22.432777656554464,-8262.337803068414,-8262.337803068414,0.0,0.0,0.0,0.0,0.0,0.0
 06/05  18:00:00,25.6,0.0,0.0,0.0,0.0,144.0947665036027,0.0,23.435407633425168,34.21164755188217,22.493798489769816,-8389.427830590841,-8389.427830590841,0.0,0.0,0.0,0.0,0.0,0.0
 06/05  19:00:00,25.6,0.0,0.0,0.0,0.0,112.53044912048048,60.68302819893072,23.345057519042815,31.770541164090687,22.541085564257276,-8244.778944160858,-8244.778944160858,0.0,0.0,0.0,0.0,0.0,0.0
 06/05  20:00:00,23.3,0.0,0.0,0.0,0.0,111.0394126461268,0.0,23.333604927173678,28.21995324651784,22.572226654686155,-7406.359185293477,-7406.359185293477,0.0,0.0,0.0,0.0,0.0,0.0
 06/05  21:00:00,22.8,0.0,0.0,0.0,0.0,91.11936341169486,0.0,23.328862738988946,24.7081585428763,22.588025810364307,-6673.737206227914,-6673.737206227914,0.0,0.0,0.0,0.0,0.0,0.0
 06/05  22:00:00,22.8,0.0,0.0,0.0,0.0,75.00374463867585,0.0,23.332734630619793,22.824982519602564,22.580778179452093,-6115.805991360048,-6115.805991360048,0.0,0.0,0.0,0.0,0.0,0.0
 06/05  23:00:00,21.7,0.0,0.0,0.0,0.0,24.929465925793295,0.0,24.378055410175463,21.405847501247337,22.542171155259883,-6476.069043230171,-6476.069043230171,0.0,0.0,0.0,0.0,0.0,0.0
 06/05  24:00:00,21.1,0.0,0.0,0.0,0.0,19.759204343356306,0.0,24.445005268174906,19.34181563434442,22.502650729218097,-5038.442270422542,-5038.442270422542,0.0,0.0,0.0,0.0,0.0,0.0
 06/06  01:00:00,21.1,0.0,0.0,0.0,0.0,15.314713287247644,0.0,24.423989987097617,17.84854275331242,22.442670295276837,-4741.533985711023,-4741.533985711023,0.0,0.0,0.0,0.0,0.0,0.0
 06/06  02:00:00,20.0,0.0,0.0,0.0,0.0,10.130083855791284,0.0,24.48343920978231,16.469125934494357,22.372528144165887,-4341.645041157481,-4341.645041157481,0.0,0.0,0.0,0.0,0.0,0.0
 06/06  03:00:00,19.4,0.0,0.0,0.0,0.0,7.385931134515662,0.0,24.432498567884366,15.342658763262007,22.294870766008614,-3685.8947892590804,-3685.8947892590804,0.0,0.0,0.0,0.0,0.0,0.0
 06/06  04:00:00,19.4,0.0,0.0,0.0,0.0,4.416415244985772,0.0,24.432459935878224,14.526183024272964,22.20912520163723,-3127.8045761075464,-3127.8045761075464,0.0,0.0,0.0,0.0,0.0,0.0
 06/06  05:00:00,19.0,0.0,0.0,0.0,0.0,0.0,49.57769934813553,23.535459762490667,14.253646073768383,22.12009670896959,-2481.0929683991812,-2481.0929683991812,0.0,0.0,0.0,0.0,0.0,0.0
 06/06  06:00:00,20.0,0.0,0.0,0.0,0.0,31.310830037438855,0.0,23.330043773796735,16.127344345077532,22.042278458742413,-3580.471058712623,-3580.471058712623,0.0,0.0,0.0,0.0,0.0,0.0
 06/06  07:00:00,20.6,0.0,0.0,0.0,0.0,46.21327889165756,0.0,23.343942625765866,21.018287214301072,21.964406185782085,-4448.57402358294,-4448.57402358294,0.0,0.0,0.0,0.0,0.0,0.0
 06/06  08:00:00,25.0,0.0,0.0,0.0,0.0,68.38963580450832,0.0,23.360969841102825,27.707167020570168,21.925305199372985,-5358.237350666241,-5358.237350666241,0.0,0.0,0.0,0.0,0.0,0.0
 06/06  09:00:00,26.1,0.0,0.0,0.0,0.0,46.3907826021329,85.44000000000005,23.35905375786934,33.77369916714311,21.875334206351074,-6034.943968071673,-6034.943968071673,0.0,0.0,0.0,0.0,0.0,0.0
 06/06  10:00:00,26.1,0.0,0.0,0.0,0.0,62.5409704769556,78.10597345092327,23.33963376841199,38.59945497182428,21.877901025693106,-6391.540657491729,-6391.540657491729,0.0,0.0,0.0,0.0,0.0,0.0
 06/06  11:00:00,28.9,0.0,0.0,0.0,0.0,113.24509559782534,0.0,23.423696791858234,42.35642259903583,21.942238866150557,-6707.321309503139,-6707.321309503139,0.0,0.0,0.0,0.0,0.0,0.0
 06/06  12:00:00,30.6,0.0,0.0,0.0,0.0,126.84022484422803,0.0,23.38360475927052,45.98180938599177,22.000033747465697,-6979.9941019352955,-6979.9941019352955,0.0,0.0,0.0,0.0,0.0,0.0
 06/06  13:00:00,30.6,0.0,0.0,0.0,0.0,141.50346967851135,0.0,23.367985787691413,47.68297843244494,22.069645484024473,-7317.850433423104,-7317.850433423104,0.0,0.0,0.0,0.0,0.0,0.0
 06/06  14:00:00,31.7,0.0,0.0,0.0,0.0,144.0947665036027,0.0,23.72947784487351,47.879262151596095,22.155653472961152,-8001.005047111266,-8001.005047111266,0.0,0.0,0.0,0.0,0.0,0.0
 06/06  15:00:00,33.3,0.0,0.0,0.0,0.0,144.0947665036027,0.0,24.098011523426372,50.12938295676343,22.280160162052205,-8466.582420213137,-8466.582420213137,0.0,0.0,0.0,0.0,0.0,0.0
 06/06  16:00:00,33.3,0.0,0.0,0.0,0.0,144.0947665036027,0.0,24.549376951119772,48.91044222803741,22.410986796300676,-9070.96250770178,-9070.96250770178,0.0,0.0,0.0,0.0,0.0,0.0
 06/06  17:00:00,32.2,0.0,0.0,0.0,0.0,144.0947665036027,0.0,24.976077404892518,45.937697443136095,22.55528256274032,-9743.975110312738,-9743.975110312738,0.0,0.0,0.0,0.0,0.0,0.0
 06/06  18:00:00,30.6,0.0,0.0,0.0,0.0,144.0947665036027,58.58614808575232,24.68747184621835,39.72765320620887,22.702067059126676,-10284.94221659061,-10284.94221659061,0.0,0.0,0.0,0.0,0.0,0.0
 06/06  19:00:00,30.6,0.0,0.0,0.0,0.0,144.0947665036027,63.6465319895646,24.460357304090905,35.58620155105092,22.821181829388706,-10577.226971603348,-10577.226971603348,0.0,0.0,0.0,0.0,0.0,0.0
 06/06  20:00:00,28.3,0.0,0.0,0.0,0.0,144.0947665036027,0.0,24.27729241272878,31.990012644108297,22.91098888777279,-9602.598929787939,-9602.598929787939,0.0,0.0,0.0,0.0,0.0,0.0
 06/06  21:00:00,26.7,0.0,0.0,0.0,0.0,144.0947665036027,0.0,23.670776898232393,28.489049589637048,22.974103257002252,-8676.693919723111,-8676.693919723111,0.0,0.0,0.0,0.0,0.0,0.0
 06/06  22:00:00,26.7,0.0,0.0,0.0,0.0,121.50524995658535,0.0,23.413549459452426,25.410901918544724,22.985538324738055,-7912.190825594193,-7912.190825594193,0.0,0.0,0.0,0.0,0.0,0.0
 06/06  23:00:00,23.9,0.0,0.0,0.0,0.0,52.09392076077868,0.0,24.304556289950327,23.18519078935976,22.965428734723222,-7943.298073459855,-7943.298073459855,0.0,0.0,0.0,0.0,0.0,0.0
 06/06  24:00:00,23.3,0.0,0.0,0.0,0.0,37.936817499714024,0.0,24.416168816083147,21.178180071399364,22.95642171755588,-6454.634005076439,-6454.634005076439,0.0,0.0,0.0,0.0,0.0,0.0
 06/07  01:00:00,23.3,0.0,0.0,0.0,0.0,29.41157565607425,0.0,24.424867169003125,19.82458650890195,22.916104348500586,-5900.7473877582215,-5900.7473877582215,0.0,0.0,0.0,0.0,0.0,0.0
 06/07  02:00:00,21.7,0.0,0.0,0.0,0.0,21.68701104286455,0.0,24.45147705235538,18.38792576015599,22.86188551674245,-5437.538007254885,-5437.538007254885,0.0,0.0,0.0,0.0,0.0,0.0
 06/07  03:00:00,21.7,0.0,0.0,0.0,0.0,16.59969977626519,0.0,24.42915369736113,17.386314887223488,22.798059489648228,-4916.072439124693,-4916.072439124693,0.0,0.0,0.0,0.0,0.0,0.0
 06/07  04:00:00,21.7,0.0,0.0,0.0,0.0,11.791689751917216,0.0,24.429291698907548,16.682717685355488,22.725693778933973,-4488.16096317874,-4488.16096317874,0.0,0.0,0.0,0.0,0.0,0.0
 06/07  05:00:00,20.6,0.0,0.0,0.0,0.0,9.918355996114515,0.0,24.472832753808735,16.21410728181406,22.648921081706273,-4074.2271081563913,-4074.2271081563913,0.0,0.0,0.0,0.0,0.0,0.0
 06/07  06:00:00,22.2,0.0,0.0,0.0,0.0,37.84464282600118,0.0,23.445522096047302,17.447074854431804,22.58612354819951,-3306.2677306686965,-3306.2677306686965,0.0,0.0,0.0,0.0,0.0,0.0
 06/07  07:00:00,22.2,0.0,0.0,0.0,0.0,38.03365014458323,52.76654788921839,23.369215346678256,21.65740903073234,22.499741677794123,-5144.494784600749,-5144.494784600749,0.0,0.0,0.0,0.0,0.0,0.0
 06/07  08:00:00,28.3,0.0,0.0,0.0,0.0,81.7798919827831,0.0,23.457662292591433,27.833935635906588,22.476028305714504,-5883.451771874434,-5883.451771874434,0.0,0.0,0.0,0.0,0.0,0.0
 06/07  09:00:00,30.6,0.0,0.0,0.0,0.0,65.63926169095559,85.44000000000005,23.35404801370821,35.384067086746164,22.434615783572394,-6598.2787079226855,-6598.2787079226855,0.0,0.0,0.0,0.0,0.0,0.0
 06/07  10:00:00,30.6,0.0,0.0,0.0,0.0,77.3170576042868,85.44000000000005,23.348736669681482,41.31554747897043,22.43221173260395,-6934.905565428206,-6934.905565428206,0.0,0.0,0.0,0.0,0.0,0.0
 06/07  11:00:00,33.3,0.0,0.0,0.0,0.0,114.072887838663,43.77699614240946,23.419355883858692,50.38264469246988,22.486891594377308,-7236.446533985189,-7236.446533985189,0.0,0.0,0.0,0.0,0.0,0.0
 06/07  12:00:00,33.3,0.0,0.0,0.0,0.0,144.0947665036027,0.0,23.545686056598555,52.297369732240504,22.55296463435866,-7371.783018673614,-7371.783018673614,0.0,0.0,0.0,0.0,0.0,0.0
 06/07  13:00:00,33.3,0.0,0.0,0.0,0.0,144.0947665036027,0.0,23.778378653205625,54.08397445631224,22.623721323605672,-7701.395414518087,-7701.395414518087,0.0,0.0,0.0,0.0,0.0,0.0
 06/07  14:00:00,35.0,0.0,0.0,0.0,0.0,144.0947665036027,0.0,24.285494800448955,53.98240875961234,22.732781472312933,-8396.478369168119,-8396.478369168119,0.0,0.0,0.0,0.0,0.0,0.0
 06/07  15:00:00,35.6,0.0,0.0,0.0,0.0,144.0947665036027,0.0,24.81718237466515,53.92751635652017,22.862664336676364,-9111.03103163292,-9111.03103163292,0.0,0.0,0.0,0.0,0.0,0.0
 06/07  16:00:00,35.6,0.0,0.0,0.0,0.0,144.0947665036027,0.0,25.36304500337388,52.109338148491034,23.013200667655784,-9888.357610102808,-9888.357610102808,0.0,0.0,0.0,0.0,0.0,0.0
 06/07  17:00:00,33.3,0.0,0.0,0.0,0.0,144.0947665036027,0.0,25.793664932327538,48.44748054982846,23.166224928741826,-10602.390869912364,-10602.390869912364,0.0,0.0,0.0,0.0,0.0,0.0
 06/07  18:00:00,32.8,0.0,0.0,0.0,0.0,144.0947665036027,83.95647608317559,25.400750946565527,45.16729517852242,23.330092584809268,-11381.669945734833,-11381.669945734833,0.0,0.0,0.0,0.0,0.0,0.0
 06/07  19:00:00,32.8,0.0,0.0,0.0,0.0,144.0947665036027,85.44000000000005,25.244033727580646,40.85010677140576,23.454447505148384,-11819.516127785802,-11819.516127785802,0.0,0.0,0.0,0.0,0.0,0.0
 06/07  20:00:00,29.4,0.0,0.0,0.0,0.0,144.0947665036027,85.44000000000005,24.513080072736642,35.32114772213291,23.55374808113663,-10685.550519901775,-10685.550519901775,0.0,0.0,0.0,0.0,0.0,0.0
 06/07  21:00:00,28.9,0.0,0.0,0.0,0.0,144.0947665036027,40.49831055189112,24.13085034017603,31.426383782514307,23.61061340242256,-9896.00015991483,-9896.00015991483,0.0,0.0,0.0,0.0,0.0,0.0
 06/07  22:00:00,28.9,0.0,0.0,0.0,0.0,144.0947665036027,0.0,23.728585487166374,28.65347423268155,23.64673789948215,-8921.160259654123,-8921.160259654123,0.0,0.0,0.0,0.0,0.0,0.0
 06/07  23:00:00,26.1,0.0,0.0,0.0,0.0,79.2144792499398,0.0,24.297283817156096,26.717375766788237,23.625606856365295,-8975.003589933534,-8975.003589933534,0.0,0.0,0.0,0.0,0.0,0.0
 06/07  24:00:00,24.4,0.0,0.0,0.0,0.0,56.11332826205281,0.0,24.408169419320263,24.506740630123797,23.619377268003934,-7502.415808188753,-7502.415808188753,0.0,0.0,0.0,0.0,0.0,0.0
