Date/Time,Environment:Site Outdoor Air Drybulb Temperature [C](Hourly),LIVING:Zone Mean Air Temperature [C](Hourly),ATTIC:Zone Mean Air Temperature [C](Hourly),CRAWLSPACE:Zone Mean Air Temperature [C](Hourly),FAN:Fan Electricity Rate [W](Hourly),LIVING:Zone Predicted Sensible Load to Heating Setpoint Heat Transfer Rate [W](Hourly),LIVING:Zone System Predicted Sensible Load to Heating Setpoint Heat Transfer Rate [W](Hourly),ATTIC:Zone Predicted Sensible Load to Heating Setpoint Heat Transfer Rate [W](Hourly),ATTIC:Zone System Predicted Sensible Load to Heating Setpoint Heat Transfer Rate [W](Hourly),CRAWLSPACE:Zone Predicted Sensible Load to Heating Setpoint Heat Transfer Rate [W](Hourly),CRAWLSPACE:Zone System Predicted Sensible Load to Heating Setpoint Heat Transfer Rate [W](Hourly),DX_HEATING_COIL:Heating Coil Heating Rate [W](Hourly),DX_HEATING_COIL:Heating Coil Electricity Rate [W](Hourly),DX_HEATING_COIL:Heating Coil Defrost Electricity Rate [W](Hourly),DX_HEATING_COIL:Heating Coil Crankcase Heater Electricity Rate [W](Hourly),HEATING_RESISTANCE_BACKUP:Heating Coil Heating Rate [W](Hourly),HEATING_RESISTANCE_BACKUP:Heating Coil Electricity Rate [W](Hourly)
 01/01  01:00:00,9.4,21.624566550273347,11.264227267898725,20.331819234088293,0.0,-1655.5534539444043,-1655.5534539444043,0.0,0.0,0.0,0.0,0.0,0.0,0.0,200.0,0.0,0.0
 01/01  02:00:00,9.4,21.20614891658925,10.486777251045027,20.16131717527012,0.0,-1922.976252060751,-1922.976252060751,0.0,0.0,0.0,0.0,0.0,0.0,0.0,200.0,0.0,0.0
 01/01  03:00:00,8.9,20.682537781925227,9.869161654851682,20.057553491528914,0.0,-1445.2294747793621,-1445.2294747793621,0.0,0.0,0.0,0.0,0.0,0.0,0.0,200.0,0.0,0.0
 01/01  04:00:00,8.9,20.327297930651245,9.417264465422724,19.94809846206114,0.0,-1195.4659227575357,-1195.4659227575357,0.0,0.0,0.0,0.0,0.0,0.0,0.0,200.0,0.0,0.0
 01/01  05:00:00,8.9,20.056832220528722,9.26994971309893,19.84557688663622,0.0,-930.593352789605,-930.593352789605,0.0,0.0,0.0,0.0,0.0,0.0,0.0,200.0,0.0,0.0
 01/01  06:00:00,9.4,20.218898744730396,8.851149402118361,19.749000581661114,0.0,-287.6541421584052,-287.6541421584052,0.0,0.0,0.0,0.0,0.0,0.0,0.0,200.0,0.0,0.0
 01/01  07:00:00,8.9,21.190607551491137,9.549986798952192,19.64225614863411,25.142985037567595,8.906236632007676,8.906236632007676,0.0,0.0,0.0,0.0,1103.4736895499295,299.39862742815603,0.0,166.02541843551512,0.0,0.0
 01/01  08:00:00,8.9,20.088107966835253,9.201933566027463,19.56681817618567,0.0,-305.44170190522163,-305.44170190522163,0.0,0.0,0.0,0.0,0.0,0.0,0.0,200.0,0.0,0.0
 01/01  09:00:00,10.0,19.95526178580423,9.415819722086706,19.482392796615066,0.0,-132.17064737341843,-132.17064737341843,0.0,0.0,0.0,0.0,0.0,0.0,0.0,0.0,0.0,0.0
 01/01  10:00:00,11.1,19.760518950689157,10.706583536453651,19.403915972412612,0.0,-21.639542026852723,-21.639542026852723,0.0,0.0,0.0,0.0,0.0,0.0,0.0,0.0,0.0,0.0
 01/01  11:00:00,11.1,20.020510549421868,12.12032111077235,19.3289112871695,4.9939119394120555,6.705302268716878,6.705302268716878,0.0,0.0,0.0,0.0,228.1383322662037,60.56895096899198,0.0,0.0,0.0,0.0
 01/01  12:00:00,12.8,20.231426438346137,14.423366105561161,19.26617570159733,0.0,-264.5515887910806,-264.5515887910806,0.0,0.0,0.0,0.0,0.0,0.0,0.0,0.0,0.0,0.0
 01/01  13:00:00,15.0,20.706056341782784,17.486256382534258,19.216563499164554,0.0,-650.6496145947658,-650.6496145947658,0.0,0.0,0.0,0.0,0.0,0.0,0.0,0.0,0.0,0.0
 01/01  14:00:00,15.0,21.074644866213898,18.761068472871724,19.186270111618445,0.0,-878.1533370400866,-878.1533370400866,0.0,0.0,0.0,0.0,0.0,0.0,0.0,0.0,0.0,0.0
 01/01  15:00:00,15.0,21.25432782420143,18.38299756102716,19.173952150637636,0.0,-946.1120139611394,-946.1120139611394,0.0,0.0,0.0,0.0,0.0,0.0,0.0,0.0,0.0,0.0
 01/01  16:00:00,14.4,21.622073561690502,18.50524642550292,19.1758612215981,0.0,-998.8710135956417,-998.8710135956417,0.0,0.0,0.0,0.0,0.0,0.0,0.0,0.0,0.0,0.0
 01/01  17:00:00,14.4,22.448510534695956,18.262806319578548,19.184022413671112,0.0,-1500.7343469492043,-1500.7343469492043,0.0,0.0,0.0,0.0,0.0,0.0,0.0,0.0,0.0,0.0
 01/01  18:00:00,13.3,22.783568067727597,16.58348239146751,19.197838053153845,0.0,-2079.693829598951,-2079.693829598951,0.0,0.0,0.0,0.0,0.0,0.0,0.0,0.0,0.0,0.0
 01/01  19:00:00,12.8,23.1090031075939,15.392895445493672,19.217281425786013,0.0,-1979.7730438264343,-1979.7730438264343,0.0,0.0,0.0,0.0,0.0,0.0,0.0,0.0,0.0,0.0
 01/01  20:00:00,12.8,23.380470949970032,14.346766630242277,19.231103769469158,0.0,-1641.798451219256,-1641.798451219256,0.0,0.0,0.0,0.0,0.0,0.0,0.0,0.0,0.0,0.0
 01/01  21:00:00,12.2,23.42574616606989,13.632872469627875,19.236471505196867,0.0,-1684.4595414450896,-1684.4595414450896,0.0,0.0,0.0,0.0,0.0,0.0,0.0,0.0,0.0,0.0
 01/01  22:00:00,11.7,23.30859822663131,12.99492156569491,19.23304424446678,0.0,-1751.7135464379917,-1751.7135464379917,0.0,0.0,0.0,0.0,0.0,0.0,0.0,0.0,0.0,0.0
 01/01  23:00:00,12.2,22.982427517568738,12.756840677243051,19.22152805294875,0.0,-2173.268770630986,-2173.268770630986,0.0,0.0,0.0,0.0,0.0,0.0,0.0,0.0,0.0,0.0
 01/01  24:00:00,12.2,22.50932625946369,12.49521186071352,19.20159135795875,0.0,-1940.752392296693,-1940.752392296693,0.0,0.0,0.0,0.0,0.0,0.0,0.0,0.0,0.0,0.0
 01/27  01:00:00,6.1,21.215952361633967,5.084457993801563,20.427887556366578,0.0,-2040.059350305537,-2040.059350305537,0.0,0.0,0.0,0.0,0.0,0.0,0.0,200.0,0.0,0.0
 01/27  02:00:00,6.1,20.520692207848374,5.309130764734623,20.252172893741278,0.0,-1566.709321691169,-1566.709321691169,0.0,0.0,0.0,0.0,0.0,0.0,0.0,200.0,0.0,0.0
 01/27  03:00:00,4.4,19.856328749197658,4.459026907330975,20.119833523279905,0.0,-984.2542160681096,-984.2542160681096,0.0,0.0,0.0,0.0,0.0,0.0,0.0,200.0,0.0,0.0
 01/27  04:00:00,4.4,19.081070385434426,4.132581981403078,19.981364587902476,0.0,-361.9389571000811,-361.9389571000811,0.0,0.0,0.0,0.0,0.0,0.0,0.0,200.0,0.0,0.0
 01/27  05:00:00,4.4,18.60483557434233,3.9027663500355994,19.84571732654105,1.7635365063058273,45.89982454066376,45.89982454066376,0.0,0.0,0.0,0.0,53.06825592478844,16.685392846329794,1.4135212511104427,197.6066112261941,0.0,0.0
 01/27  06:00:00,2.8,19.51229720041426,3.4970956483100664,19.649853786387308,48.55820301535213,1176.8259197492735,1176.8259197492735,0.0,0.0,0.0,0.0,1448.5035908380094,447.1297151700846,40.64104983474279,133.89707055032613,0.0,0.0
 01/27  07:00:00,2.2,19.602693998880845,2.9052512491965676,19.54076423562918,52.1875947511984,1132.1221558200923,1132.1221558200923,0.0,0.0,0.0,0.0,1509.0894746508993,480.62546106891773,48.41020161867715,128.79917226319017,0.0,0.0
 01/27  08:00:00,2.2,19.686770158246887,2.735424839091009,19.405167347626136,54.35272667521885,1151.436129701944,1151.436129701944,0.0,0.0,0.0,0.0,1573.7046814414853,501.4213277905474,50.41882017825985,125.84493329562036,0.0,0.0
 01/27  09:00:00,6.1,19.938613335394475,5.222639003844662,19.322828903328872,18.27251874478267,507.9014474901287,507.9014474901287,0.0,0.0,0.0,0.0,745.7726546400547,208.87944324953347,0.0,175.30916963297628,0.0,0.0
 01/27  10:00:00,9.4,20.042699812582658,9.545748287499393,19.220836426344967,0.0,-417.7306695776697,-417.7306695776697,0.0,0.0,0.0,0.0,0.0,0.0,0.0,200.0,0.0,0.0
 01/27  11:00:00,9.4,20.847741952472955,12.452476424923722,19.145897903282783,0.0,-896.4922541452597,-896.4922541452597,0.0,0.0,0.0,0.0,0.0,0.0,0.0,200.0,0.0,0.0
 01/27  12:00:00,13.3,21.915171801738463,16.746900485824725,19.106298678877604,0.0,-1722.1637261315118,-1722.1637261315118,0.0,0.0,0.0,0.0,0.0,0.0,0.0,0.0,0.0,0.0
 01/27  13:00:00,15.0,23.123180503597066,21.18655052718499,19.098026990022092,0.0,-2362.6258452576167,-2362.6258452576167,0.0,0.0,0.0,0.0,0.0,0.0,0.0,0.0,0.0,0.0
 01/27  14:00:00,15.0,23.361936890873967,23.217106982573785,19.133042469502858,13.683116122335676,-3450.06567824348,-3450.06567824348,0.0,0.0,0.0,0.0,0.0,0.0,0.0,0.0,0.0,0.0
 01/27  15:00:00,16.7,23.116560347545658,22.138623382775332,19.200875420787884,32.178904619998214,-4118.347886062724,-4118.347886062724,0.0,0.0,0.0,0.0,0.0,0.0,0.0,0.0,0.0,0.0
 01/27  16:00:00,16.1,23.372043686330567,21.291700365529863,19.286985517721554,44.40564113892257,-5425.9736210921,-5425.9736210921,0.0,0.0,0.0,0.0,0.0,0.0,0.0,0.0,0.0,0.0
 01/27  17:00:00,16.1,23.344211398686728,19.85884433175628,19.39874461881071,56.60580886200949,-6024.747729663559,-6024.747729663559,0.0,0.0,0.0,0.0,0.0,0.0,0.0,0.0,0.0,0.0
 01/27  18:00:00,12.8,23.37682486800201,18.09094854721922,19.479626687863874,51.70430701709879,-5996.911640188173,-5996.911640188173,0.0,0.0,0.0,0.0,0.0,0.0,0.0,0.0,0.0,0.0
 01/27  19:00:00,10.6,23.34617150447761,15.325363336307989,19.544133985325253,33.226623641115296,-5072.6970892909485,-5072.6970892909485,0.0,0.0,0.0,0.0,0.0,0.0,0.0,0.0,0.0,0.0
 01/27  20:00:00,10.6,23.352500716308697,12.527504216378434,19.592596707507397,24.571314773911407,-4399.1920325493065,-4399.1920325493065,0.0,0.0,0.0,0.0,0.0,0.0,0.0,0.0,0.0,0.0
 01/27  21:00:00,7.2,23.207939798538856,9.87983704628351,19.60109111837211,15.917842947409431,-3908.776908544267,-3908.776908544267,0.0,0.0,0.0,0.0,0.0,0.0,0.0,178.4909368263403,0.0,0.0
 01/27  22:00:00,6.1,23.303476351511755,7.8525001125873155,19.588130877232103,2.402886533400308,-3249.2385073040205,-3249.2385073040205,0.0,0.0,0.0,0.0,0.0,0.0,0.0,196.7530878136692,0.0,0.0
 01/27  23:00:00,6.1,22.88248164386959,6.44326199302887,19.56114236834059,0.0,-3238.733455200434,-3238.733455200434,0.0,0.0,0.0,0.0,0.0,0.0,0.0,200.0,0.0,0.0
 01/27  24:00:00,4.4,22.084375787288664,4.470837000651104,19.516869225464518,0.0,-2574.80882944515,-2574.80882944515,0.0,0.0,0.0,0.0,0.0,0.0,0.0,200.0,0.0,0.0
 01/28  01:00:00,2.8,21.140874268077546,3.204022531472521,19.45485989592026,0.0,-1948.2102480884314,-1948.2102480884314,0.0,0.0,0.0,0.0,0.0,0.0,0.0,200.0,0.0,0.0
 01/28  02:00:00,2.8,20.422730291015718,2.5262700863811856,19.38164125128001,0.0,-1439.5896150041717,-1439.5896150041717,0.0,0.0,0.0,0.0,0.0,0.0,0.0,200.0,0.0,0.0
 01/28  03:00:00,3.9,19.682811107836617,2.6793328455443324,19.294263720533653,0.0,-827.0170861694533,-827.0170861694533,0.0,0.0,0.0,0.0,0.0,0.0,0.0,200.0,0.0,0.0
 01/28  04:00:00,3.3,18.966736472629094,2.388585567887487,19.198826780190313,0.0,-270.79036727727544,-270.79036727727544,0.0,0.0,0.0,0.0,0.0,0.0,0.0,200.0,0.0,0.0
 01/28  05:00:00,3.3,18.58980050987687,2.2960267106625776,19.091612109397566,5.995528216055169,144.8638798028187,144.8638798028187,0.0,0.0,0.0,0.0,178.14292222406527,56.69969969322254,4.349456085589142,191.85337512453205,0.0,0.0
 01/28  06:00:00,2.2,19.250926585354293,2.4014824139366104,18.935381749232555,47.345461275577186,1123.005701289674,1123.005701289674,0.0,0.0,0.0,0.0,1412.5514973854538,440.3286341392961,34.5514310869744,135.55311949575258,0.0,0.0
 01/28  07:00:00,1.7,19.44114508267405,2.501598252418803,18.82964322010858,67.01892200951607,1499.3321564331563,1499.3321564331563,0.0,0.0,0.0,0.0,1989.2624766315519,626.5143291095511,50.807668761168394,108.66373075044974,0.0,0.0
 01/28  08:00:00,1.7,19.623255309733363,2.671600206565263,18.72258563685008,74.0230215155706,1618.0032879182509,1618.0032879182509,0.0,0.0,0.0,0.0,2207.414583978929,694.5004855981409,56.11796505988031,99.11748184038878,0.0,0.0
 01/28  09:00:00,5.0,19.750168657515783,5.384601312819112,18.655131495929783,47.09208598547689,1071.6078502744313,1071.6078502744313,0.0,0.0,0.0,0.0,1531.1598593771914,465.1562258265985,28.59244928925614,136.20760403754818,0.0,0.0
 01/28  10:00:00,7.2,19.96160358653717,8.896870208277047,18.583502180567283,10.090462955594653,247.92070834037258,247.92070834037258,0.0,0.0,0.0,0.0,420.7297986323964,116.77384338505315,0.0,186.36521255546876,0.0,0.0
 01/28  11:00:00,7.2,20.43303622630945,11.84827895459462,18.52501015725124,0.0,-542.8860591712346,-542.8860591712346,0.0,0.0,0.0,0.0,0.0,0.0,0.0,200.0,0.0,0.0
 01/28  12:00:00,11.1,21.630831825977978,17.266297489084337,18.4999857576391,0.0,-1516.291325383927,-1516.291325383927,0.0,0.0,0.0,0.0,0.0,0.0,0.0,0.0,0.0,0.0
 01/28  13:00:00,11.7,22.357840643083936,20.65328702814471,18.502674696879946,0.0,-1825.5083937019026,-1825.5083937019026,0.0,0.0,0.0,0.0,0.0,0.0,0.0,0.0,0.0,0.0
 01/28  14:00:00,11.7,23.213773236551024,22.659524703504932,18.532984011125905,0.0,-2561.8848572039296,-2561.8848572039296,0.0,0.0,0.0,0.0,0.0,0.0,0.0,0.0,0.0,0.0
 01/28  15:00:00,11.7,23.358173591735454,22.9154450455303,18.60483817466579,17.03364332606759,-3361.8797428148573,-3361.8797428148573,0.0,0.0,0.0,0.0,0.0,0.0,0.0,0.0,0.0,0.0
 01/28  16:00:00,11.7,23.406002690506888,22.38064621839416,18.710859269768957,36.436869001365125,-4706.442924698729,-4706.442924698729,0.0,0.0,0.0,0.0,0.0,0.0,0.0,0.0,0.0,0.0
 01/28  17:00:00,11.7,23.345930622448705,20.293553711294127,18.829722992044758,51.350558529016546,-5702.717146344723,-5702.717146344723,0.0,0.0,0.0,0.0,0.0,0.0,0.0,0.0,0.0,0.0
 01/28  18:00:00,7.8,23.241160847433974,16.186586417488474,18.911267009891265,44.15491546362305,-5634.33475900994,-5634.33475900994,0.0,0.0,0.0,0.0,0.0,0.0,0.0,140.33545441599946,0.0,0.0
 01/28  19:00:00,6.7,23.332994379854235,12.88016406577121,18.97486543092256,21.122978975036524,-4632.601222995763,-4632.601222995763,0.0,0.0,0.0,0.0,0.0,0.0,0.0,171.45747129865435,0.0,0.0
 01/28  20:00:00,7.0,23.380474626819673,10.041331054421898,19.026221750553926,13.032484444001653,-3870.696916223409,-3870.696916223409,0.0,0.0,0.0,0.0,0.0,0.0,0.0,182.3897916230296,0.0,0.0
 01/28  21:00:00,3.9,23.20183030013213,7.307050486758866,19.03928718282853,6.790135422338154,-3416.6448680504145,-3416.6448680504145,0.0,0.0,0.0,0.0,0.0,0.0,0.0,190.8247962843141,0.0,0.0
 01/28  22:00:00,2.8,22.983126812981062,4.770285467655709,19.024934655076365,0.0,-2775.76650682748,-2775.76650682748,0.0,0.0,0.0,0.0,0.0,0.0,0.0,200.0,0.0,0.0
 01/28  23:00:00,2.8,22.333272952480257,2.9052128876727585,18.99536262544846,0.0,-2917.164969556534,-2917.164969556534,0.0,0.0,0.0,0.0,0.0,0.0,0.0,200.0,0.0,0.0
 01/28  24:00:00,1.1,21.3583288120088,1.2100971612417282,18.947039161343508,0.0,-2165.28589794226,-2165.28589794226,0.0,0.0,0.0,0.0,0.0,0.0,0.0,200.0,0.0,0.0
 01/29  01:00:00,1.1,20.539274311352273,-0.24096696215268024,18.881554960193828,0.0,-1568.5921492919097,-1568.5921492919097,0.0,0.0,0.0,0.0,0.0,0.0,0.0,200.0,0.0,0.0
 01/29  02:00:00,1.1,19.76444626408172,-1.3427235158005904,18.80222498439042,0.0,-909.640840769569,-909.640840769569,0.0,0.0,0.0,0.0,0.0,0.0,0.0,200.0,0.0,0.0
 01/29  03:00:00,0.0,18.88281328931102,-2.3552753903043198,18.71255955047882,0.0,-208.2412306834376,-208.2412306834376,0.0,0.0,0.0,0.0,0.0,0.0,0.0,200.0,0.0,0.0
 01/29  04:00:00,0.0,18.532707575963986,-2.827287440929841,18.59431652033382,17.186590447659487,360.30084518702097,360.30084518702097,0.0,0.0,0.0,0.0,462.78162410916696,155.50743294349698,14.757422637986656,176.46510686617748,0.0,0.0
 01/29  05:00:00,0.0,18.50008598051313,-3.011092756783614,18.473375184208987,33.92837344226699,678.4718428499864,678.4718428499864,0.0,0.0,0.0,0.0,927.0624752386011,304.7999891358503,29.132218912563303,153.540419917672,0.0,0.0
 01/29  06:00:00,0.0,19.172470360616007,-2.3452529307107413,18.31894403539416,79.09149458669872,1657.722208135141,1657.722208135141,0.0,0.0,0.0,0.0,2265.6805396590134,717.1832560695618,61.93865396271302,91.83608418524261,0.0,0.0
 01/29  07:00:00,0.6,19.4870952090715,-1.5917527033464425,18.229828709098694,98.69849840627438,1994.857935150243,1994.857935150243,0.0,0.0,0.0,0.0,2861.53369471197,896.876672177825,87.97209289728777,64.94618748950343,0.0,0.0
 01/29  08:00:00,0.6,19.633073684396532,-0.35289161524842044,18.133777864192147,101.20085883392386,1984.470385813047,1984.470385813047,0.0,0.0,0.0,0.0,2935.5914670434604,925.2566869968773,90.20421932593045,61.519450961300095,0.0,0.0
 01/29  09:00:00,5.6,19.91914834925996,2.577226870406659,18.08637380778964,49.93530001670483,1411.2431376172117,1411.2431376172117,0.0,0.0,0.0,0.0,2062.6477644407764,566.584130138557,0.0,132.5246815034223,0.0,0.0
 01/29  10:00:00,10.6,20.057174680699326,9.433518752038474,18.008448095306004,6.144548814308546,86.0383292980423,86.0383292980423,0.0,0.0,0.0,0.0,277.4851208051142,74.18059578238115,0.0,0.0,0.0,0.0
 01/29  11:00:00,10.6,20.84311466386912,17.473260999864276,17.954429058852696,0.0,-984.4817922433704,-984.4817922433704,0.0,0.0,0.0,0.0,0.0,0.0,0.0,0.0,0.0,0.0
 01/29  12:00:00,15.0,21.992061807087843,25.640158588020586,17.944275475536255,0.0,-1943.151215916403,-1943.151215916403,0.0,0.0,0.0,0.0,0.0,0.0,0.0,0.0,0.0,0.0
 01/29  13:00:00,17.2,22.990822337718427,32.45795240649695,17.973841386664535,0.0,-2791.3846127588895,-2791.3846127588895,0.0,0.0,0.0,0.0,0.0,0.0,0.0,0.0,0.0,0.0
 01/29  14:00:00,17.2,23.369629471052924,35.18536788325186,18.063784659672116,14.815028754721492,-3589.0625915549117,-3589.0625915549117,0.0,0.0,0.0,0.0,0.0,0.0,0.0,0.0,0.0,0.0
 01/29  15:00:00,18.3,23.29738998828184,30.89521147694374,18.1859268012831,31.862465680935067,-3688.8264198975576,-3688.8264198975576,0.0,0.0,0.0,0.0,0.0,0.0,0.0,0.0,0.0,0.0
 01/29  16:00:00,18.9,23.371838083688687,29.025030881970064,18.355810080778067,53.7866988902025,-5185.581187412676,-5185.581187412676,0.0,0.0,0.0,0.0,0.0,0.0,0.0,0.0,0.0,0.0
 01/29  17:00:00,18.9,23.356978180482777,26.568208878797318,18.540858640343536,72.81576333463029,-6288.1308707153075,-6288.1308707153075,0.0,0.0,0.0,0.0,0.0,0.0,0.0,0.0,0.0,0.0
 01/29  18:00:00,15.0,23.2769051602004,22.427544995968375,18.65919201838449,68.73078334069872,-6367.919856309774,-6367.919856309774,0.0,0.0,0.0,0.0,0.0,0.0,0.0,0.0,0.0,0.0
 01/29  19:00:00,11.1,23.28049836111352,18.592700345864067,18.717793610509062,42.12592254119729,-5406.746869498511,-5406.746869498511,0.0,0.0,0.0,0.0,0.0,0.0,0.0,0.0,0.0,0.0
 01/29  20:00:00,11.0,23.339102942830465,15.743191030662045,18.79763621355963,30.91621659274237,-4684.734680072917,-4684.734680072917,0.0,0.0,0.0,0.0,0.0,0.0,0.0,0.0,0.0,0.0
 01/29  21:00:00,10.0,23.33398466047504,13.770351958042456,18.840747599074763,24.100291402321808,-4290.865749070666,-4290.865749070666,0.0,0.0,0.0,0.0,0.0,0.0,0.0,0.0,0.0,0.0
 01/29  22:00:00,10.0,23.406784137819617,12.150476254201445,18.848317838526206,14.53931503599862,-3784.7023847293112,-3784.7023847293112,0.0,0.0,0.0,0.0,0.0,0.0,0.0,0.0,0.0,0.0
 01/29  23:00:00,10.0,23.622446325242898,11.274146298392012,18.82002328719404,0.0,-4034.1650818660983,-4034.1650818660983,0.0,0.0,0.0,0.0,0.0,0.0,0.0,0.0,0.0,0.0
 01/29  24:00:00,9.4,23.060627805835143,10.536525134526043,18.812874755060026,0.0,-2809.4442895950424,-2809.4442895950424,0.0,0.0,0.0,0.0,0.0,0.0,0.0,200.0,0.0,0.0
 01/30  01:00:00,7.8,22.318364103009927,9.416761379421786,18.79120613807229,0.0,-2498.439035822941,-2498.439035822941,0.0,0.0,0.0,0.0,0.0,0.0,0.0,200.0,0.0,0.0
 01/30  02:00:00,7.8,21.78419829903084,8.801786393295052,18.75773969587919,0.0,-2260.6790205496727,-2260.6790205496727,0.0,0.0,0.0,0.0,0.0,0.0,0.0,200.0,0.0,0.0
 01/30  03:00:00,6.7,21.15975640486055,7.235138777209152,18.716487101527918,0.0,-1742.8350127242647,-1742.8350127242647,0.0,0.0,0.0,0.0,0.0,0.0,0.0,200.0,0.0,0.0
 01/30  04:00:00,6.7,20.596099084339446,6.16584763779482,18.663581035719083,0.0,-1358.8934565394939,-1358.8934565394939,0.0,0.0,0.0,0.0,0.0,0.0,0.0,200.0,0.0,0.0
 01/30  05:00:00,6.7,20.198983305480628,5.701416816859151,18.60274848955087,0.0,-1053.5088989720607,-1053.5088989720607,0.0,0.0,0.0,0.0,0.0,0.0,0.0,200.0,0.0,0.0
 01/30  06:00:00,11.1,20.03632341041485,8.76583370120326,18.53596900512927,0.0,-196.31656828627274,-196.31656828627274,0.0,0.0,0.0,0.0,0.0,0.0,0.0,0.0,0.0,0.0
 01/30  07:00:00,11.1,19.984461031101716,9.681221840017137,18.47213859047999,0.0,-152.39233951984443,-152.39233951984443,0.0,0.0,0.0,0.0,0.0,0.0,0.0,0.0,0.0,0.0
 01/30  08:00:00,11.1,19.787221239251345,10.337906715490641,18.41026674208012,0.0,-33.28821185381548,-33.28821185381548,0.0,0.0,0.0,0.0,0.0,0.0,0.0,0.0,0.0,0.0
 01/30  09:00:00,12.2,19.84466637995575,11.623187581198922,18.354634365259525,0.0,-67.03417025299132,-67.03417025299132,0.0,0.0,0.0,0.0,0.0,0.0,0.0,0.0,0.0,0.0
 01/30  10:00:00,15.0,20.27361139214911,15.015967897023694,18.3068053721511,0.0,-336.43993680205676,-336.43993680205676,0.0,0.0,0.0,0.0,0.0,0.0,0.0,0.0,0.0,0.0
 01/30  11:00:00,15.0,21.3943431081991,16.882306251137305,18.2757978607754,0.0,-1122.472504062349,-1122.472504062349,0.0,0.0,0.0,0.0,0.0,0.0,0.0,0.0,0.0,0.0
 01/30  12:00:00,16.7,22.58928649243205,20.800799913236443,18.275222571590746,0.0,-2091.3363159277815,-2091.3363159277815,0.0,0.0,0.0,0.0,0.0,0.0,0.0,0.0,0.0,0.0
 01/30  13:00:00,18.3,23.296563891023297,25.29992585259127,18.32941775444474,11.894761048902325,-3123.785745703588,-3123.785745703588,0.0,0.0,0.0,0.0,0.0,0.0,0.0,0.0,0.0,0.0
 01/30  14:00:00,18.3,23.336532796147164,27.65746082357474,18.444384367960886,34.34023372524022,-3713.6799994770136,-3713.6799994770136,0.0,0.0,0.0,0.0,0.0,0.0,0.0,0.0,0.0,0.0
 01/30  15:00:00,18.3,23.268899482219066,26.833451022832993,18.594283361251893,58.15531209348014,-5215.78777607749,-5215.78777607749,0.0,0.0,0.0,0.0,0.0,0.0,0.0,0.0,0.0,0.0
 01/30  16:00:00,18.3,23.362656584992976,26.290819882165888,18.745100319548715,71.91330457356776,-6339.615652184646,-6339.615652184646,0.0,0.0,0.0,0.0,0.0,0.0,0.0,0.0,0.0,0.0
 01/30  17:00:00,18.3,23.348436785337324,24.508378569836555,18.916878814862457,82.01105808929084,-7020.928744629957,-7020.928744629957,0.0,0.0,0.0,0.0,0.0,0.0,0.0,0.0,0.0,0.0
 01/30  18:00:00,13.3,23.314715526710838,22.112148566192143,19.00350824462817,71.97511816008686,-6808.97250271673,-6808.97250271673,0.0,0.0,0.0,0.0,0.0,0.0,0.0,0.0,0.0,0.0
 01/30  19:00:00,12.2,23.311236342650897,18.307860089790204,19.066263353654954,45.87397785595398,-5692.204506940525,-5692.204506940525,0.0,0.0,0.0,0.0,0.0,0.0,0.0,0.0,0.0,0.0
 01/30  20:00:00,12.2,23.34449021367316,15.775170089499776,19.15866235273875,34.232469433646294,-4940.6261896620235,-4940.6261896620235,0.0,0.0,0.0,0.0,0.0,0.0,0.0,0.0,0.0,0.0
 01/30  21:00:00,9.4,23.209967463615786,13.199700000680426,19.197029937617728,24.46306900711915,-4429.866555424562,-4429.866555424562,0.0,0.0,0.0,0.0,0.0,0.0,0.0,166.9441582986999,0.0,0.0
 01/30  22:00:00,8.3,23.297455146083035,11.440375267708987,19.19251306965099,9.893546186989552,-3754.903704480468,-3754.903704480468,0.0,0.0,0.0,0.0,0.0,0.0,0.0,186.6312973026216,0.0,0.0
 01/30  23:00:00,8.3,23.252429270595773,10.318178977582658,19.162363229309825,0.0,-3863.126837579086,-3863.126837579086,0.0,0.0,0.0,0.0,0.0,0.0,0.0,200.0,0.0,0.0
 01/30  24:00:00,6.7,22.50233960475072,9.054098652745767,19.118915451832006,0.0,-2889.9047518225034,-2889.9047518225034,0.0,0.0,0.0,0.0,0.0,0.0,0.0,200.0,0.0,0.0
 01/31  01:00:00,6.7,21.94223198583326,8.196205974694264,19.054715709942638,0.0,-2602.232648715464,-2602.232648715464,0.0,0.0,0.0,0.0,0.0,0.0,0.0,200.0,0.0,0.0
 01/31  02:00:00,6.7,21.350524421208476,7.567133131670167,18.968542241496554,0.0,-2042.0980229144952,-2042.0980229144952,0.0,0.0,0.0,0.0,0.0,0.0,0.0,200.0,0.0,0.0
 01/31  03:00:00,4.4,20.44134567597638,6.4202709868852335,18.8888874398442,0.0,-1347.6179406253705,-1347.6179406253705,0.0,0.0,0.0,0.0,0.0,0.0,0.0,200.0,0.0,0.0
 01/31  04:00:00,3.3,19.68215007144955,5.28821824908436,18.817405033921148,0.0,-848.1246193287043,-848.1246193287043,0.0,0.0,0.0,0.0,0.0,0.0,0.0,200.0,0.0,0.0
 01/31  05:00:00,3.3,19.14770471109004,4.594509308093209,18.740651472919776,0.0,-424.7364051106779,-424.7364051106779,0.0,0.0,0.0,0.0,0.0,0.0,0.0,200.0,0.0,0.0
 01/31  06:00:00,2.8,19.564088155368204,3.5795831296722738,18.628724734155494,24.794742939906648,615.6012063137878,615.6012063137878,0.0,0.0,0.0,0.0,748.6440095824593,237.7538826842519,15.44603449400371,166.3155506066393,0.0,0.0
 01/31  07:00:00,2.2,19.489907160903847,3.270201193827609,18.5421593004535,30.57261562161274,680.1244228307187,680.1244228307187,0.0,0.0,0.0,0.0,896.8115261312747,289.8946214562712,22.200283268142528,158.38469479176126,0.0,0.0
 01/31  08:00:00,2.2,19.64584507022505,3.6260220046075737,18.445088329737413,39.72089838419528,879.3441726837918,879.3441726837918,0.0,0.0,0.0,0.0,1173.842199399698,376.045230589238,28.843221235404734,145.93224598072663,0.0,0.0
 01/31  09:00:00,6.7,20.07693718116835,6.292812513139724,18.393186011273777,12.201629906936205,343.8539207715021,343.8539207715021,0.0,0.0,0.0,0.0,503.4687131899578,140.1462398824462,0.0,183.5124878818698,0.0,0.0
 01/31  10:00:00,10.6,20.988224993231842,11.845517298939894,18.327675931551695,0.0,-853.2459044556908,-853.2459044556908,0.0,0.0,0.0,0.0,0.0,0.0,0.0,0.0,0.0,0.0
 01/31  11:00:00,10.6,21.99072735896167,18.40487125480584,18.291961865587794,0.0,-1927.7011195844043,-1927.7011195844043,0.0,0.0,0.0,0.0,0.0,0.0,0.0,0.0,0.0,0.0
 01/31  12:00:00,14.4,22.927995195137964,20.833632042895275,18.29367913333625,0.0,-2728.276031093932,-2728.276031093932,0.0,0.0,0.0,0.0,0.0,0.0,0.0,0.0,0.0,0.0
 01/31  13:00:00,15.0,23.348902449960796,22.37434409391338,18.33771945324102,5.810596925222324,-3249.949128859522,-3249.949128859522,0.0,0.0,0.0,0.0,0.0,0.0,0.0,0.0,0.0,0.0
 01/31  14:00:00,15.0,23.3379876112317,22.98298494427979,18.428369831154015,20.943391179106047,-3536.2351724336677,-3536.2351724336677,0.0,0.0,0.0,0.0,0.0,0.0,0.0,0.0,0.0,0.0
 01/31  15:00:00,14.4,23.273529898083122,22.69440518792817,18.553284516058262,39.451444060257856,-4838.024428750698,-4838.024428750698,0.0,0.0,0.0,0.0,0.0,0.0,0.0,0.0,0.0,0.0
 01/31  16:00:00,13.9,23.472890646395687,22.223787143980324,18.691394345165488,54.104526470114436,-5803.143032622298,-5803.143032622298,0.0,0.0,0.0,0.0,0.0,0.0,0.0,0.0,0.0,0.0
 01/31  17:00:00,13.9,23.36237750864384,20.35795774239017,18.853298583627037,68.17232667911956,-6474.601680885808,-6474.601680885808,0.0,0.0,0.0,0.0,0.0,0.0,0.0,0.0,0.0,0.0
 01/31  18:00:00,10.0,23.23357132893078,16.84916536659835,18.933064775560304,59.00308689601692,-6316.645194502722,-6316.645194502722,0.0,0.0,0.0,0.0,0.0,0.0,0.0,0.0,0.0,0.0
 01/31  19:00:00,6.6,23.334235039119545,14.381497484861718,18.981355942786024,29.339537549148396,-5072.403119017916,-5072.403119017916,0.0,0.0,0.0,0.0,0.0,0.0,0.0,160.3548063192006,0.0,0.0
 01/31  20:00:00,5.8,23.322289208192846,11.778448581045303,19.038538843926638,19.248831862910457,-4224.590253254484,-4224.590253254484,0.0,0.0,0.0,0.0,0.0,0.0,0.0,173.98992175470133,0.0,0.0
 01/31  21:00:00,5.0,23.318611536951423,9.864754003044391,19.06156595520167,11.21996042068062,-3746.7025936429673,-3746.7025936429673,0.0,0.0,0.0,0.0,0.0,0.0,0.0,184.83897357878777,0.0,0.0
 01/31  22:00:00,4.3,23.306883471072418,7.815647608262396,19.04111718508255,0.0,-3090.689989984725,-3090.689989984725,0.0,0.0,0.0,0.0,0.0,0.0,0.0,200.0,0.0,0.0
 01/31  23:00:00,3.8,22.581046453755995,6.726949230492493,19.002496992300326,0.0,-3059.184260195214,-3059.184260195214,0.0,0.0,0.0,0.0,0.0,0.0,0.0,200.0,0.0,0.0
 01/31  24:00:00,3.0,21.72558467078242,5.687749644017681,18.936341161816497,0.0,-2523.641371131642,-2523.641371131642,0.0,0.0,0.0,0.0,0.0,0.0,0.0,200.0,0.0,0.0
 02/01  01:00:00,2.2,20.89721964603498,4.290331493681818,18.843332946715645,0.0,-1871.357688244325,-1871.357688244325,0.0,0.0,0.0,0.0,0.0,0.0,0.0,200.0,0.0,0.0
 02/01  02:00:00,1.8,20.124782656921404,3.216343881198094,18.767636786940535,0.0,-1219.7961790037334,-1219.7961790037334,0.0,0.0,0.0,0.0,0.0,0.0,0.0,200.0,0.0,0.0
 02/01  03:00:00,1.5,19.375482951739503,2.206413707603614,18.692467204681137,0.0,-603.7620969119962,-603.7620969119962,0.0,0.0,0.0,0.0,0.0,0.0,0.0,200.0,0.0,0.0
 02/01  04:00:00,1.2,18.62763031657358,1.0732109953151374,18.594410954403916,0.0,-12.779694714627112,-12.779694714627112,0.0,0.0,0.0,0.0,0.0,0.0,0.0,200.0,0.0,0.0
 02/01  05:00:00,1.2,18.52143693586976,0.5405568902093705,18.467575009483294,17.879891123351683,422.1032194234904,422.1032194234904,0.0,0.0,0.0,0.0,520.9890312229928,169.04271168869568,10.027489627835577,175.67550667820726,0.0,0.0
 02/01  06:00:00,2.7,19.42696018078801,1.125602679829864,18.330419955983622,48.65783463643505,1177.3855719141557,1177.3855719141557,0.0,0.0,0.0,0.0,1519.7199643992142,466.94607033804965,25.40455865440675,133.95181916533136,0.0,0.0
 02/01  07:00:00,1.1,19.504278239065513,1.3694517567433486,18.231802566894018,67.87975364258453,1511.472863170111,1511.472863170111,0.0,0.0,0.0,0.0,2049.1860064516945,653.0313988499246,36.619880016376065,107.66547477420355,0.0,0.0
 02/01  08:00:00,1.1,19.63849106029315,1.9847859872035059,18.132565130171173,74.62278985355651,1631.3732818899916,1631.3732818899916,0.0,0.0,0.0,0.0,2264.001757086443,718.9043223004736,40.25771641774177,98.49291886143125,0.0,0.0
 02/01  09:00:00,6.7,19.931038918562372,5.065762800666164,18.077027825867685,36.69493998964309,1099.2928956594133,1099.2928956594133,0.0,0.0,0.0,0.0,1542.6492371480276,421.2460494666081,0.0,150.41578277920274,0.0,0.0
 02/01  10:00:00,12.8,20.143053701468226,11.571724172233276,17.993752552420403,0.0,-238.00230540238954,-238.00230540238954,0.0,0.0,0.0,0.0,0.0,0.0,0.0,0.0,0.0,0.0
 02/01  11:00:00,12.8,21.09047388320395,15.898496160738883,17.944204985042305,0.0,-1179.5136387659513,-1179.5136387659513,0.0,0.0,0.0,0.0,0.0,0.0,0.0,0.0,0.0,0.0
 02/01  12:00:00,16.1,22.069786863479244,20.159581791775175,17.936874059219985,0.0,-1991.637378609339,-1991.637378609339,0.0,0.0,0.0,0.0,0.0,0.0,0.0,0.0,0.0,0.0
 02/01  13:00:00,17.2,22.618422691246863,21.493303621454782,17.967310378963834,0.0,-2431.3840439536725,-2431.3840439536725,0.0,0.0,0.0,0.0,0.0,0.0,0.0,0.0,0.0,0.0
 02/01  14:00:00,17.2,23.000903072825846,21.231023070881694,18.023955892952465,0.0,-2422.809861871616,-2422.809861871616,0.0,0.0,0.0,0.0,0.0,0.0,0.0,0.0,0.0,0.0
 02/01  15:00:00,16.1,23.390550327064297,21.481542465740112,18.091860825261108,0.0,-2072.3939147438978,-2072.3939147438978,0.0,0.0,0.0,0.0,0.0,0.0,0.0,0.0,0.0,0.0
 02/01  16:00:00,15.6,23.887605891301234,20.019666819311716,18.17675964389884,0.0,-2448.336415079497,-2448.336415079497,0.0,0.0,0.0,0.0,0.0,0.0,0.0,0.0,0.0,0.0
 02/01  17:00:00,16.0,25.010229224042366,19.537576401061564,18.26550774389124,0.0,-3570.7616893091654,-3570.7616893091654,0.0,0.0,0.0,0.0,0.0,0.0,0.0,0.0,0.0,0.0
 02/01  18:00:00,12.2,25.8229479113544,17.7504192884435,18.356743687040595,0.0,-3956.6015247185496,-3956.6015247185496,0.0,0.0,0.0,0.0,0.0,0.0,0.0,0.0,0.0,0.0
 02/01  19:00:00,10.0,25.366815517783998,14.862961436620667,18.450508754795166,0.0,-3841.110493055943,-3841.110493055943,0.0,0.0,0.0,0.0,0.0,0.0,0.0,0.0,0.0,0.0
 02/01  20:00:00,10.0,25.27608878490412,12.136213413584933,18.523511440355954,0.0,-3912.2539176712708,-3912.2539176712708,0.0,0.0,0.0,0.0,0.0,0.0,0.0,0.0,0.0,0.0
 02/01  21:00:00,6.1,24.66073015881043,9.388763972621753,18.561817487541415,0.0,-3429.8547890670925,-3429.8547890670925,0.0,0.0,0.0,0.0,0.0,0.0,0.0,200.0,0.0,0.0
 02/01  22:00:00,6.1,24.137266295979025,7.754804273005118,18.567993771397553,0.0,-3533.348837918871,-3533.348837918871,0.0,0.0,0.0,0.0,0.0,0.0,0.0,200.0,0.0,0.0
 02/01  23:00:00,6.1,23.43423400335012,6.679669263792487,18.54987716158287,0.0,-3849.4650322051803,-3849.4650322051803,0.0,0.0,0.0,0.0,0.0,0.0,0.0,200.0,0.0,0.0
 02/01  24:00:00,5.6,22.49172241994781,6.429455386355109,18.508957169262068,0.0,-3105.16674964758,-3105.16674964758,0.0,0.0,0.0,0.0,0.0,0.0,0.0,200.0,0.0,0.0
 02/02  01:00:00,3.9,21.596097705207825,5.202747519992884,18.4583155405109,0.0,-2447.5784578925923,-2447.5784578925923,0.0,0.0,0.0,0.0,0.0,0.0,0.0,200.0,0.0,0.0
 02/02  02:00:00,3.9,20.8191857151008,4.235989715365708,18.391583632870695,0.0,-1789.3287631879903,-1789.3287631879903,0.0,0.0,0.0,0.0,0.0,0.0,0.0,200.0,0.0,0.0
 02/02  03:00:00,0.0,19.79082558717777,2.0350049919668223,18.31526947543542,0.0,-932.7090555118757,-932.7090555118757,0.0,0.0,0.0,0.0,0.0,0.0,0.0,200.0,0.0,0.0
 02/02  04:00:00,0.6,19.086552215464366,-0.10104809889549186,18.23104155187734,0.0,-389.3346034147671,-389.3346034147671,0.0,0.0,0.0,0.0,0.0,0.0,0.0,200.0,0.0,0.0
 02/02  05:00:00,0.6,19.876999231698022,-0.2957201910878502,18.0790992660821,61.20435226934978,103.10628681861454,103.10628681861454,0.0,0.0,0.0,0.0,1902.2569543465675,607.552855369459,13.606198764227422,117.05893906500063,0.0,0.0
 02/02  06:00:00,0.0,20.01208424259496,-1.1337123003739187,18.007635711018267,64.24514357941256,1082.9140900869297,1082.9140900869297,0.0,0.0,0.0,0.0,1994.1499219190064,654.0554404487971,6.822053152363995,113.057431428652,0.0,0.0
 02/02  07:00:00,-0.6,19.82541050593581,-1.407803334048071,17.903532951111554,64.99072329872986,1251.2663218066755,1251.2663218066755,0.0,0.0,0.0,0.0,1958.9225532057612,652.4631143491921,12.83825364667206,111.90625711258662,0.0,0.0
 02/02  08:00:00,-0.6,19.777969687441814,-1.6187815347397674,17.80410726073024,61.48785619203084,1220.254506457648,1220.254506457648,0.0,0.0,0.0,0.0,1850.0687860044754,614.9762866017101,12.146261155288741,116.65458272552894,0.0,0.0
 02/02  09:00:00,3.9,20.090013177603183,1.4004054908962402,17.73658129399721,24.855010162760962,490.6264811986439,490.6264811986439,0.0,0.0,0.0,0.0,843.0253028525304,265.20743806553156,0.01231615023570892,166.4144491671963,0.0,0.0
 02/02  10:00:00,8.3,20.765932120908673,9.110629139292659,17.663704001750485,0.0,-674.8244218708023,-674.8244218708023,0.0,0.0,0.0,0.0,0.0,0.0,0.0,200.0,0.0,0.0
 02/02  11:00:00,8.3,21.661833162281578,19.240023879771893,17.62614703619109,0.0,-1693.567546326658,-1693.567546326658,0.0,0.0,0.0,0.0,0.0,0.0,0.0,200.0,0.0,0.0
 02/02  12:00:00,14.4,22.87189685101922,29.066621675371486,17.628040237990156,0.0,-2661.625151945098,-2661.625151945098,0.0,0.0,0.0,0.0,0.0,0.0,0.0,0.0,0.0,0.0
 02/02  13:00:00,15.6,23.701438442752593,32.15732070668883,17.66668506043963,0.0,-3389.9840595683963,-3389.9840595683963,0.0,0.0,0.0,0.0,0.0,0.0,0.0,0.0,0.0,0.0
 02/02  14:00:00,16.0,24.7967174765172,34.34344962555515,17.73622547435961,0.0,-4137.124944254783,-4137.124944254783,0.0,0.0,0.0,0.0,0.0,0.0,0.0,0.0,0.0,0.0
 02/02  15:00:00,17.2,26.160983316050434,34.94171975481013,17.826838624883376,0.0,-4957.851347443424,-4957.851347443424,0.0,0.0,0.0,0.0,0.0,0.0,0.0,0.0,0.0,0.0
 02/02  16:00:00,17.8,27.57727907535326,33.84955805119783,17.965428826913424,0.0,-6249.9930454366895,-6249.9930454366895,0.0,0.0,0.0,0.0,0.0,0.0,0.0,0.0,0.0,0.0
 02/02  17:00:00,17.8,28.88117545240872,29.535155466206756,18.129485433382964,0.0,-7228.774876064184,-7228.774876064184,0.0,0.0,0.0,0.0,0.0,0.0,0.0,0.0,0.0,0.0
 02/02  18:00:00,15.0,29.574256491958185,27.30774205712987,18.32716871142993,0.0,-6578.005802365058,-6578.005802365058,0.0,0.0,0.0,0.0,0.0,0.0,0.0,0.0,0.0,0.0
 02/02  19:00:00,8.3,28.558000578062,20.714795232159613,18.522848510994724,0.0,-6494.723139965088,-6494.723139965088,0.0,0.0,0.0,0.0,0.0,0.0,0.0,200.0,0.0,0.0
 02/02  20:00:00,8.3,28.38913683598086,16.020603933631563,18.662018762940193,0.0,-7222.433234647377,-7222.433234647377,0.0,0.0,0.0,0.0,0.0,0.0,0.0,200.0,0.0,0.0
 02/02  21:00:00,6.1,27.86575635736341,12.059684462666489,18.75134080683612,0.0,-6494.742301113707,-6494.742301113707,0.0,0.0,0.0,0.0,0.0,0.0,0.0,200.0,0.0,0.0
 02/02  22:00:00,4.4,27.131807426589155,8.899738795664197,18.793641226005608,0.0,-6200.996198293758,-6200.996198293758,0.0,0.0,0.0,0.0,0.0,0.0,0.0,200.0,0.0,0.0
 02/02  23:00:00,4.4,26.310125251842887,6.5109938391850655,18.793818628792742,0.0,-6555.275157485308,-6555.275157485308,0.0,0.0,0.0,0.0,0.0,0.0,0.0,200.0,0.0,0.0
 02/02  24:00:00,2.8,25.167669177964797,4.450210958047491,18.760940022015614,0.0,-5518.308040693186,-5518.308040693186,0.0,0.0,0.0,0.0,0.0,0.0,0.0,200.0,0.0,0.0
 08/17  01:00:00,26.7,24.419314807490885,23.352001682160427,22.191160699737566,30.80652540237687,-5858.546404754543,-5858.546404754543,0.0,0.0,0.0,0.0,0.0,0.0,0.0,0.0,0.0,0.0
 08/17  02:00:00,26.7,24.449823994107597,23.846413386982608,22.1615827007471,27.401615813497315,-5558.278763570792,-5558.278763570792,0.0,0.0,0.0,0.0,0.0,0.0,0.0,0.0,0.0,0.0
 08/17  03:00:00,25.0,24.442241745658123,22.584814304242805,22.12027424396038,23.091725097055036,-5135.047461652874,-5135.047461652874,0.0,0.0,0.0,0.0,0.0,0.0,0.0,0.0,0.0,0.0
 08/17  04:00:00,25.0,24.419469160553913,21.949657215789323,22.081701012046853,19.805943235818447,-4810.530053870476,-4810.530053870476,0.0,0.0,0.0,0.0,0.0,0.0,0.0,0.0,0.0,0.0
 08/17  05:00:00,25.0,24.42880969373742,22.10363610836325,22.044719729837084,20.005419286544154,-4676.696875466609,-4676.696875466609,0.0,0.0,0.0,0.0,0.0,0.0,0.0,0.0,0.0,0.0
 08/17  06:00:00,24.4,23.548118772304903,21.190056620841734,22.036948891565498,47.94637880773834,-3866.0460130332012,-3866.0460130332012,0.0,0.0,0.0,0.0,0.0,0.0,0.0,0.0,0.0,0.0
 08/17  07:00:00,25.0,23.361141853782563,21.541495168565547,21.995158433998927,59.99654370222849,-4888.610535396478,-4888.610535396478,0.0,0.0,0.0,0.0,0.0,0.0,0.0,0.0,0.0,0.0
 08/17  08:00:00,25.0,23.345837914894272,24.254843701421358,21.964517795167374,63.45817968364747,-5162.790784737897,-5162.790784737897,0.0,0.0,0.0,0.0,0.0,0.0,0.0,0.0,0.0,0.0
 08/17  09:00:00,30.6,23.378965568102643,30.78679701903796,21.981985154467512,79.76012038158586,-5692.583754174175,-5692.583754174175,0.0,0.0,0.0,0.0,0.0,0.0,0.0,0.0,0.0,0.0
 08/17  10:00:00,31.1,23.453742898465226,36.58910146254867,22.010647593766937,107.480216981904,-6537.949180820953,-6537.949180820953,0.0,0.0,0.0,0.0,0.0,0.0,0.0,0.0,0.0,0.0
 08/17  11:00:00,31.1,23.45070875730735,39.29482425063158,22.05782051731174,125.16316897987345,-7080.685752463967,-7080.685752463967,0.0,0.0,0.0,0.0,0.0,0.0,0.0,0.0,0.0,0.0
 08/17  12:00:00,31.1,23.433059435681347,40.302060566720336,22.125699240786805,139.394239352515,-7469.914565397499,-7469.914565397499,0.0,0.0,0.0,0.0,0.0,0.0,0.0,0.0,0.0,0.0
 08/17  13:00:00,31.1,23.476128536876644,38.888983850564856,22.210877322272786,148.01056483857138,-7952.491395189285,-7952.491395189285,0.0,0.0,0.0,0.0,0.0,0.0,0.0,0.0,0.0,0.0
 08/17  14:00:00,31.1,23.653896369990594,38.93104052975802,22.309174086087836,148.01056483857138,-8356.654463045146,-8356.654463045146,0.0,0.0,0.0,0.0,0.0,0.0,0.0,0.0,0.0,0.0
 08/17  15:00:00,31.1,23.863667021651498,38.38099625407137,22.430518258237967,148.01056483857138,-8650.359178498562,-8650.359178498562,0.0,0.0,0.0,0.0,0.0,0.0,0.0,0.0,0.0,0.0
 08/17  16:00:00,30.6,24.078627714078696,37.1290327005916,22.56056594802416,148.01056483857138,-9023.795302653412,-9023.795302653412,0.0,0.0,0.0,0.0,0.0,0.0,0.0,0.0,0.0,0.0
 08/17  17:00:00,30.6,24.305228646129287,35.78281056918785,22.703929849339556,148.01056483857138,-9417.858357154975,-9417.858357154975,0.0,0.0,0.0,0.0,0.0,0.0,0.0,0.0,0.0,0.0
 08/17  18:00:00,29.4,24.52294704347803,34.00677061097708,22.84127141901892,148.01056483857138,-9816.70379227335,-9816.70379227335,0.0,0.0,0.0,0.0,0.0,0.0,0.0,0.0,0.0,0.0
 08/17  19:00:00,28.3,24.584443786853054,32.288239027798,22.973945237147067,148.01056483857138,-9942.639792662689,-9942.639792662689,0.0,0.0,0.0,0.0,0.0,0.0,0.0,0.0,0.0,0.0
 08/17  20:00:00,28.3,24.04240879007438,29.431309686629994,23.094079563037404,148.01056483857138,-9141.965342807682,-9141.965342807682,0.0,0.0,0.0,0.0,0.0,0.0,0.0,0.0,0.0,0.0
 08/17  21:00:00,26.1,23.519339338201256,26.746805557877217,23.140298746789334,139.77971429060955,-8299.818211130732,-8299.818211130732,0.0,0.0,0.0,0.0,0.0,0.0,0.0,0.0,0.0,0.0
 08/17  22:00:00,25.6,23.344510512097514,24.932141402883175,23.170992321521403,112.89874549939086,-7468.388857220005,-7468.388857220005,0.0,0.0,0.0,0.0,0.0,0.0,0.0,0.0,0.0,0.0
 08/17  23:00:00,25.6,24.251331736049796,24.296134380633276,23.181405332936375,49.10744442748397,-7666.746261844428,-7666.746261844428,0.0,0.0,0.0,0.0,0.0,0.0,0.0,0.0,0.0,0.0
 08/17  24:00:00,24.4,24.40181997554814,22.716527755112907,23.187906848161237,36.03338293194781,-6253.25681653563,-6253.25681653563,0.0,0.0,0.0,0.0,0.0,0.0,0.0,0.0,0.0,0.0
 08/18  01:00:00,24.4,24.414896398157097,21.75423621203843,23.17048315075896,29.252658385747797,-5792.816641922551,-5792.816641922551,0.0,0.0,0.0,0.0,0.0,0.0,0.0,0.0,0.0,0.0
 08/18  02:00:00,24.4,24.42392572676943,21.041546125342173,23.142983670639858,24.05582877089148,-5396.367482754144,-5396.367482754144,0.0,0.0,0.0,0.0,0.0,0.0,0.0,0.0,0.0,0.0
 08/18  03:00:00,23.9,24.4332321465121,19.98162356255978,23.106223671892735,19.076046721593944,-4915.135866063196,-4915.135866063196,0.0,0.0,0.0,0.0,0.0,0.0,0.0,0.0,0.0,0.0
 08/18  04:00:00,23.3,24.430061578416264,18.950039598466383,23.0629581069788,14.877276787919675,-4591.863469129483,-4591.863469129483,0.0,0.0,0.0,0.0,0.0,0.0,0.0,0.0,0.0,0.0
 08/18  05:00:00,22.8,24.431547215053403,18.087729464789167,23.015372451113166,13.549675775216619,-4314.49206111304,-4314.49206111304,0.0,0.0,0.0,0.0,0.0,0.0,0.0,0.0,0.0,0.0
 08/18  06:00:00,23.3,23.47469436598584,18.246454580257407,22.977132915158254,38.87339370806972,-3471.9327230863964,-3471.9327230863964,0.0,0.0,0.0,0.0,0.0,0.0,0.0,0.0,0.0,0.0
 08/18  07:00:00,25.6,23.33006934781864,20.128244217130785,22.921271249112014,49.77167329915268,-4630.126522761051,-4630.126522761051,0.0,0.0,0.0,0.0,0.0,0.0,0.0,0.0,0.0,0.0
 08/18  08:00:00,25.6,23.367121831823223,24.387022294520072,22.877844105092457,61.47083438792199,-5097.03458680127,-5097.03458680127,0.0,0.0,0.0,0.0,0.0,0.0,0.0,0.0,0.0,0.0
 08/18  09:00:00,29.4,23.408023117473004,31.44198503299293,22.87285117241474,83.49078024238179,-5884.152286918625,-5884.152286918625,0.0,0.0,0.0,0.0,0.0,0.0,0.0,0.0,0.0,0.0
 08/18  10:00:00,30.0,23.445983228712702,38.22062201205958,22.885631053177157,109.30505541627666,-6697.514944518392,-6697.514944518392,0.0,0.0,0.0,0.0,0.0,0.0,0.0,0.0,0.0,0.0
 08/18  11:00:00,30.0,23.452141584947526,42.28585273642324,22.923863439498003,128.04654332590457,-7219.849078357336,-7219.849078357336,0.0,0.0,0.0,0.0,0.0,0.0,0.0,0.0,0.0,0.0
 08/18  12:00:00,29.4,23.410794980530014,41.040734551046604,22.97329817728619,125.8887407434276,-7124.385510395856,-7124.385510395856,0.0,0.0,0.0,0.0,0.0,0.0,0.0,0.0,0.0,0.0
 08/18  13:00:00,32.2,23.430782865891157,41.86261218133382,23.077500992330297,147.67624151123857,-7808.255591559202,-7808.255591559202,0.0,0.0,0.0,0.0,0.0,0.0,0.0,0.0,0.0,0.0
 08/18  14:00:00,32.2,23.61917161123779,42.007290771197574,23.16216055426656,148.01056483857138,-8252.295103745346,-8252.295103745346,0.0,0.0,0.0,0.0,0.0,0.0,0.0,0.0,0.0,0.0
 08/18  15:00:00,30.0,23.803872621005176,44.27814025656671,23.258032454043853,148.01056483857138,-8521.496260549357,-8521.496260549357,0.0,0.0,0.0,0.0,0.0,0.0,0.0,0.0,0.0,0.0
 08/18  16:00:00,32.8,24.330329140125762,42.061209496561425,23.40314353686959,148.01056483857138,-9306.598134562653,-9306.598134562653,0.0,0.0,0.0,0.0,0.0,0.0,0.0,0.0,0.0,0.0
 08/18  17:00:00,32.8,24.77202478435876,40.84544143678393,23.549217659953097,148.01056483857138,-9919.059919821477,-9919.059919821477,0.0,0.0,0.0,0.0,0.0,0.0,0.0,0.0,0.0,0.0
 08/18  18:00:00,30.6,25.028582001293767,38.59140321985241,23.689017834617626,148.01056483857138,-10314.423641406607,-10314.423641406607,0.0,0.0,0.0,0.0,0.0,0.0,0.0,0.0,0.0,0.0
 08/18  19:00:00,28.9,25.077623485042007,34.065666261603305,23.825846358544005,148.01056483857138,-10544.163075797987,-10544.163075797987,0.0,0.0,0.0,0.0,0.0,0.0,0.0,0.0,0.0,0.0
 08/18  20:00:00,28.9,24.51773368299151,30.682646768993376,23.949095974532494,148.01056483857138,-9804.692093809885,-9804.692093809885,0.0,0.0,0.0,0.0,0.0,0.0,0.0,0.0,0.0,0.0
 08/18  21:00:00,27.2,23.87829372134555,27.57942068408368,24.00285064155688,148.01056483857138,-9015.736588742366,-9015.736588742366,0.0,0.0,0.0,0.0,0.0,0.0,0.0,0.0,0.0,0.0
 08/18  22:00:00,25.0,23.45076601366922,25.007049533139252,24.020900202916117,127.70063397022948,-8050.951195095178,-8050.951195095178,0.0,0.0,0.0,0.0,0.0,0.0,0.0,0.0,0.0,0.0
 08/18  23:00:00,25.0,24.244979877260324,23.954815114380352,24.033329855970344,60.0894715886948,-8197.645772776537,-8197.645772776537,0.0,0.0,0.0,0.0,0.0,0.0,0.0,0.0,0.0,0.0
 08/18  24:00:00,26.1,24.39620491679023,23.149046922299178,24.035546525891025,44.793853126491165,-6827.630972826852,-6827.630972826852,0.0,0.0,0.0,0.0,0.0,0.0,0.0,0.0,0.0,0.0
 08/19  01:00:00,24.4,24.4273948500124,22.515728569575728,24.003750275164418,35.033785371443535,-6230.961297419812,-6230.961297419812,0.0,0.0,0.0,0.0,0.0,0.0,0.0,0.0,0.0,0.0
 08/19  02:00:00,24.4,24.434459244824552,22.03165758102355,23.965292159136347,29.077540382736565,-5735.267116483352,-5735.267116483352,0.0,0.0,0.0,0.0,0.0,0.0,0.0,0.0,0.0,0.0
 08/19  03:00:00,24.0,24.426083375372205,21.02926283329684,23.916426243941274,24.322390101846747,-5323.702508007216,-5323.702508007216,0.0,0.0,0.0,0.0,0.0,0.0,0.0,0.0,0.0,0.0
 08/19  04:00:00,22.8,24.446540205453275,20.39554752570901,23.860532792492187,18.529614800723234,-4928.879139165547,-4928.879139165547,0.0,0.0,0.0,0.0,0.0,0.0,0.0,0.0,0.0,0.0
 08/19  05:00:00,22.8,24.436023175826076,20.859422509265393,23.801790473438558,18.9738590122826,-4611.37632547843,-4611.37632547843,0.0,0.0,0.0,0.0,0.0,0.0,0.0,0.0,0.0,0.0
 08/19  06:00:00,23.3,23.52011128471882,19.40008919809556,23.746697415751107,45.39777784720155,-3860.779988793651,-3860.779988793651,0.0,0.0,0.0,0.0,0.0,0.0,0.0,0.0,0.0,0.0
 08/19  07:00:00,23.3,23.344978742939393,20.269294489607965,23.675308067614786,54.24065288193701,-4783.693431828153,-4783.693431828153,0.0,0.0,0.0,0.0,0.0,0.0,0.0,0.0,0.0,0.0
 08/19  08:00:00,23.9,23.34552210688227,23.8846203899648,23.619899059759643,64.12319253240568,-5218.568380186196,-5218.568380186196,0.0,0.0,0.0,0.0,0.0,0.0,0.0,0.0,0.0,0.0
 08/19  09:00:00,29.4,23.3937631563311,30.781184026598588,23.603802703290857,85.71125776880868,-6024.172143494796,-6024.172143494796,0.0,0.0,0.0,0.0,0.0,0.0,0.0,0.0,0.0,0.0
 08/19  10:00:00,30.6,23.43361789947478,37.13211976194043,23.601398272695054,110.27046301278226,-6797.928775308297,-6797.928775308297,0.0,0.0,0.0,0.0,0.0,0.0,0.0,0.0,0.0,0.0
 08/19  11:00:00,30.6,23.443998271263144,42.348393803137505,23.622799425891145,128.42883236172239,-7294.490862570772,-7294.490862570772,0.0,0.0,0.0,0.0,0.0,0.0,0.0,0.0,0.0,0.0
 08/19  12:00:00,31.7,23.467234994702473,48.18668095582807,23.677112672925745,143.9785320896315,-7657.281637373533,-7657.281637373533,0.0,0.0,0.0,0.0,0.0,0.0,0.0,0.0,0.0,0.0
 08/19  13:00:00,34.4,23.61977837183911,48.14985936782348,23.767779012966948,148.01056483857138,-7834.8149124206575,-7834.8149124206575,0.0,0.0,0.0,0.0,0.0,0.0,0.0,0.0,0.0,0.0
 08/19  14:00:00,34.4,23.754564999933145,45.402049395227614,23.85929688528544,148.01056483857138,-8043.439087619739,-8043.439087619739,0.0,0.0,0.0,0.0,0.0,0.0,0.0,0.0,0.0,0.0
 08/19  15:00:00,33.3,24.12976713131226,41.69022884268459,23.95994905462075,148.01056483857138,-8829.307731406483,-8829.307731406483,0.0,0.0,0.0,0.0,0.0,0.0,0.0,0.0,0.0,0.0
 08/19  16:00:00,33.3,24.476707962040244,41.73169436807896,24.08993528115792,148.01056483857138,-9503.931264385363,-9503.931264385363,0.0,0.0,0.0,0.0,0.0,0.0,0.0,0.0,0.0,0.0
 08/19  17:00:00,33.3,24.950756902530543,39.877772570370674,24.231196376259884,148.01056483857138,-10255.539658703136,-10255.539658703136,0.0,0.0,0.0,0.0,0.0,0.0,0.0,0.0,0.0,0.0
 08/19  18:00:00,31.7,25.24651932722202,36.88657857525213,24.37678151060454,148.01056483857138,-10793.71785501049,-10793.71785501049,0.0,0.0,0.0,0.0,0.0,0.0,0.0,0.0,0.0,0.0
 08/19  19:00:00,30.0,25.236715636121197,33.92469402879362,24.50797308336292,148.01056483857138,-10752.444732174125,-10752.444732174125,0.0,0.0,0.0,0.0,0.0,0.0,0.0,0.0,0.0,0.0
 08/19  20:00:00,30.0,24.72861121145909,30.88302244422354,24.62492643099708,148.01056483857138,-10073.805880590498,-10073.805880590498,0.0,0.0,0.0,0.0,0.0,0.0,0.0,0.0,0.0,0.0
 08/19  21:00:00,27.8,24.074074049576083,28.070634654870496,24.67598575328315,148.01056483857138,-9238.116500199012,-9238.116500199012,0.0,0.0,0.0,0.0,0.0,0.0,0.0,0.0,0.0,0.0
 08/19  22:00:00,27.2,23.528417515820955,26.676719888575835,24.701448042565904,140.94458482591315,-8488.686396170157,-8488.686396170157,0.0,0.0,0.0,0.0,0.0,0.0,0.0,0.0,0.0,0.0
 08/19  23:00:00,27.2,24.22308229783172,26.471179296416494,24.71166933795964,73.77650278305809,-8712.401803490484,-8712.401803490484,0.0,0.0,0.0,0.0,0.0,0.0,0.0,0.0,0.0,0.0
 08/19  24:00:00,26.7,24.384104302650726,25.989489936268637,24.7177257709623,54.63553887234083,-7317.3903300444545,-7317.3903300444545,0.0,0.0,0.0,0.0,0.0,0.0,0.0,0.0,0.0,0.0
 08/20  01:00:00,27.2,24.425940331941252,25.950556504049274,24.69783964821386,46.177988229590966,-6764.759468457381,-6764.759468457381,0.0,0.0,0.0,0.0,0.0,0.0,0.0,0.0,0.0,0.0
 08/20  02:00:00,27.2,24.43598672579969,25.886010964267236,24.669799786340487,41.14879696081521,-6365.749064394426,-6365.749064394426,0.0,0.0,0.0,0.0,0.0,0.0,0.0,0.0,0.0,0.0
 08/20  03:00:00,25.0,24.426344709747365,24.997885573370727,24.631035409256416,34.84302987676658,-5957.332712699432,-5957.332712699432,0.0,0.0,0.0,0.0,0.0,0.0,0.0,0.0,0.0,0.0
 08/20  04:00:00,24.4,24.430424545621257,23.91022250501619,24.589803451143677,29.32627520231583,-5577.801213393961,-5577.801213393961,0.0,0.0,0.0,0.0,0.0,0.0,0.0,0.0,0.0,0.0
 08/20  05:00:00,24.4,24.436955951843526,22.84052083040057,24.544813741582892,27.761795818989928,-5293.6110624722405,-5293.6110624722405,0.0,0.0,0.0,0.0,0.0,0.0,0.0,0.0,0.0,0.0
 08/20  06:00:00,23.9,23.544789044126407,21.17921192783051,24.493850195093724,56.05191461818118,-4414.8913264076145,-4414.8913264076145,0.0,0.0,0.0,0.0,0.0,0.0,0.0,0.0,0.0,0.0
 08/20  07:00:00,24.4,23.361150315375593,21.539629309934977,24.42723957747856,63.43877961562297,-5210.1749979080905,-5210.1749979080905,0.0,0.0,0.0,0.0,0.0,0.0,0.0,0.0,0.0,0.0
 08/20  08:00:00,24.4,23.34678158686235,23.948865763324594,24.370906611229678,72.4694820147901,-5581.706930434273,-5581.706930434273,0.0,0.0,0.0,0.0,0.0,0.0,0.0,0.0,0.0,0.0
 08/20  09:00:00,28.9,23.37461930012289,30.408386779835308,24.34482835260603,91.10823292085837,-6282.286893430952,-6282.286893430952,0.0,0.0,0.0,0.0,0.0,0.0,0.0,0.0,0.0,0.0
 08/20  10:00:00,31.1,23.43240231194107,38.22698696863079,24.334617804246612,115.88413426979162,-7035.2080955827005,-7035.2080955827005,0.0,0.0,0.0,0.0,0.0,0.0,0.0,0.0,0.0,0.0
 08/20  11:00:00,31.1,23.47361106883706,44.510945113535165,24.347095759592506,139.7455606213823,-7635.131873844552,-7635.131873844552,0.0,0.0,0.0,0.0,0.0,0.0,0.0,0.0,0.0,0.0
 08/20  12:00:00,33.3,23.698907544931114,46.7841637349234,24.402348648885283,148.01056483857138,-8070.114097596983,-8070.114097596983,0.0,0.0,0.0,0.0,0.0,0.0,0.0,0.0,0.0,0.0
 08/20  13:00:00,33.9,23.8930827917539,49.280021309463415,24.47743608517538,148.01056483857138,-8214.628803977535,-8214.628803977535,0.0,0.0,0.0,0.0,0.0,0.0,0.0,0.0,0.0,0.0
 08/20  14:00:00,33.9,24.34046573369385,49.553750807209916,24.571059593279077,148.01056483857138,-8779.586419550847,-8779.586419550847,0.0,0.0,0.0,0.0,0.0,0.0,0.0,0.0,0.0,0.0
 08/20  15:00:00,34.4,24.84051755834877,44.89812398605184,24.701671500009994,148.01056483857138,-9517.621259542913,-9517.621259542913,0.0,0.0,0.0,0.0,0.0,0.0,0.0,0.0,0.0,0.0
 08/20  16:00:00,32.2,25.058228826189488,43.82244143570629,24.8251630541872,148.01056483857138,-9954.583189057026,-9954.583189057026,0.0,0.0,0.0,0.0,0.0,0.0,0.0,0.0,0.0,0.0
 08/20  17:00:00,32.2,25.43897504603251,41.39229321637273,24.972361939125484,148.01056483857138,-10729.231161988624,-10729.231161988624,0.0,0.0,0.0,0.0,0.0,0.0,0.0,0.0,0.0,0.0
 08/20  18:00:00,30.0,25.562279116219162,37.6307763560558,25.112698942756836,148.01056483857138,-10995.612907315513,-10995.612907315513,0.0,0.0,0.0,0.0,0.0,0.0,0.0,0.0,0.0,0.0
 08/20  19:00:00,28.9,25.556960065576,36.186336278910815,25.24050665505246,148.01056483857138,-11052.765819457152,-11052.765819457152,0.0,0.0,0.0,0.0,0.0,0.0,0.0,0.0,0.0,0.0
 08/20  20:00:00,28.9,25.07958732250272,32.47096341004682,25.351196988383,148.01056483857138,-10367.056835767475,-10367.056835767475,0.0,0.0,0.0,0.0,0.0,0.0,0.0,0.0,0.0,0.0
 08/20  21:00:00,26.7,24.39547604608174,29.287349525618637,25.399912611555507,148.01056483857138,-9613.724902215705,-9613.724902215705,0.0,0.0,0.0,0.0,0.0,0.0,0.0,0.0,0.0,0.0
 08/20  22:00:00,26.7,23.671933649597317,27.334208290111135,25.421557013136116,148.01056483857138,-8897.608821332644,-8897.608821332644,0.0,0.0,0.0,0.0,0.0,0.0,0.0,0.0,0.0,0.0
 08/20  23:00:00,26.7,24.236621004486334,26.838205128977787,25.434050357556337,82.49852584563426,-9119.017146936261,-9119.017146936261,0.0,0.0,0.0,0.0,0.0,0.0,0.0,0.0,0.0,0.0
 08/20  24:00:00,25.6,24.373371219103035,25.923347581501442,25.439310319126964,59.242801963208464,-7655.653588023224,-7655.653588023224,0.0,0.0,0.0,0.0,0.0,0.0,0.0,0.0,0.0,0.0
 08/21  01:00:00,25.6,24.423952977160347,25.364759176914703,25.414729338059317,47.56542635175902,-6949.834027645667,-6949.834027645667,0.0,0.0,0.0,0.0,0.0,0.0,0.0,0.0,0.0,0.0
 08/21  02:00:00,25.6,24.43147913200618,25.01452267294109,25.382693908412765,41.03528556305991,-6471.832146933526,-6471.832146933526,0.0,0.0,0.0,0.0,0.0,0.0,0.0,0.0,0.0,0.0
 08/21  03:00:00,24.4,24.43211082123061,24.075153063601242,25.339986061159436,34.80286588499335,-6041.660661155198,-6041.660661155198,0.0,0.0,0.0,0.0,0.0,0.0,0.0,0.0,0.0,0.0
 08/21  04:00:00,24.4,24.432717444644766,23.91463928114196,25.292547738302343,30.10963343736248,-5687.729372890595,-5687.729372890595,0.0,0.0,0.0,0.0,0.0,0.0,0.0,0.0,0.0,0.0
 08/21  05:00:00,24.4,24.441799809086977,23.788200078796816,25.238804120414006,29.55323644151363,-5492.780384474316,-5492.780384474316,0.0,0.0,0.0,0.0,0.0,0.0,0.0,0.0,0.0,0.0
 08/21  06:00:00,23.9,23.561298535905664,22.924910178762026,25.17116784576828,60.08542618198253,-4600.022097056932,-4600.022097056932,0.0,0.0,0.0,0.0,0.0,0.0,0.0,0.0,0.0,0.0
 08/21  07:00:00,25.0,23.385227746777872,23.617338589231355,25.100991187247192,69.26887025278783,-5373.893014223964,-5373.893014223964,0.0,0.0,0.0,0.0,0.0,0.0,0.0,0.0,0.0,0.0
 08/21  08:00:00,25.0,23.356271788832846,25.078960917394838,25.041548171950826,79.56703321753024,-5764.445777005189,-5764.445777005189,0.0,0.0,0.0,0.0,0.0,0.0,0.0,0.0,0.0,0.0
 08/21  09:00:00,29.4,23.36496784775303,31.68672105777516,25.012154903969524,98.34772760372122,-6459.499816862039,-6459.499816862039,0.0,0.0,0.0,0.0,0.0,0.0,0.0,0.0,0.0,0.0
 08/21  10:00:00,31.1,23.434432217396356,37.99238848723195,24.993807437258646,123.53004826138756,-7211.9569232798385,-7211.9569232798385,0.0,0.0,0.0,0.0,0.0,0.0,0.0,0.0,0.0,0.0
 08/21  11:00:00,31.1,23.45637045472521,43.13460532203599,24.999447340524014,143.4165868298041,-7717.851419295785,-7717.851419295785,0.0,0.0,0.0,0.0,0.0,0.0,0.0,0.0,0.0,0.0
 08/21  12:00:00,33.9,23.725563844403386,46.540824876161324,25.05327053083785,148.01056483857138,-8160.842732458495,-8160.842732458495,0.0,0.0,0.0,0.0,0.0,0.0,0.0,0.0,0.0,0.0
 08/21  13:00:00,34.4,23.951353380617455,47.38023292276667,25.123414397024927,148.01056483857138,-8258.763594844251,-8258.763594844251,0.0,0.0,0.0,0.0,0.0,0.0,0.0,0.0,0.0,0.0
 08/21  14:00:00,34.4,24.271237007714888,48.023166975041505,25.20939807447368,148.01056483857138,-8691.884034126386,-8691.884034126386,0.0,0.0,0.0,0.0,0.0,0.0,0.0,0.0,0.0,0.0
 08/21  15:00:00,35.0,24.576583179546898,48.66349507074383,25.3237519863522,148.01056483857138,-9070.760188941018,-9070.760188941018,0.0,0.0,0.0,0.0,0.0,0.0,0.0,0.0,0.0,0.0
 08/21  16:00:00,35.6,25.226623068849456,45.205715672929074,25.451405341224454,148.01056483857138,-10194.399558886216,-10194.399558886216,0.0,0.0,0.0,0.0,0.0,0.0,0.0,0.0,0.0,0.0
 08/21  17:00:00,35.6,25.727584912188423,43.016541685202284,25.60756860526387,148.01056483857138,-10924.416912853216,-10924.416912853216,0.0,0.0,0.0,0.0,0.0,0.0,0.0,0.0,0.0,0.0
 08/21  18:00:00,33.9,26.099116923464013,40.78700442984271,25.751526599847452,148.01056483857138,-11554.034187471338,-11554.034187471338,0.0,0.0,0.0,0.0,0.0,0.0,0.0,0.0,0.0,0.0
 08/21  19:00:00,30.6,26.08440201521376,36.5165270315247,25.88464802693789,148.01056483857138,-11654.387332968923,-11654.387332968923,0.0,0.0,0.0,0.0,0.0,0.0,0.0,0.0,0.0,0.0
 08/21  20:00:00,30.6,25.542796047179326,32.63626177148556,26.007725063812703,148.01056483857138,-11023.321868216775,-11023.321868216775,0.0,0.0,0.0,0.0,0.0,0.0,0.0,0.0,0.0,0.0
 08/21  21:00:00,26.7,24.801474896238904,28.734287353920145,26.052073936066165,148.01056483857138,-10151.293345053371,-10151.293345053371,0.0,0.0,0.0,0.0,0.0,0.0,0.0,0.0,0.0,0.0
 08/21  22:00:00,27.8,24.089450072239917,27.071450061165738,26.085993531218566,148.01056483857138,-9475.178313909972,-9475.178313909972,0.0,0.0,0.0,0.0,0.0,0.0,0.0,0.0,0.0,0.0
 08/21  23:00:00,27.8,24.32069617463619,26.550152959923434,26.095641263729078,97.42275982568871,-9669.311815055862,-9669.311815055862,0.0,0.0,0.0,0.0,0.0,0.0,0.0,0.0,0.0,0.0
 08/21  24:00:00,25.0,24.383990334067466,24.826858263876172,26.093030726449417,68.21517154527206,-8139.166302955182,-8139.166302955182,0.0,0.0,0.0,0.0,0.0,0.0,0.0,0.0,0.0,0.0
 08/22  01:00:00,23.9,24.411941040523907,23.547092441278853,26.06633326035983,50.21988102667567,-7179.866594134628,-7179.866594134628,0.0,0.0,0.0,0.0,0.0,0.0,0.0,0.0,0.0,0.0
 08/22  02:00:00,23.9,24.4292787662531,22.747978341423586,26.023932591374127,39.916187063345994,-6517.791038198309,-6517.791038198309,0.0,0.0,0.0,0.0,0.0,0.0,0.0,0.0,0.0,0.0
 08/22  03:00:00,23.3,24.433042489891037,22.05757983963872,25.96734214236045,33.02547436095242,-6031.929501426408,-6031.929501426408,0.0,0.0,0.0,0.0,0.0,0.0,0.0,0.0,0.0,0.0
 08/22  04:00:00,23.3,24.432412898510346,21.812885377506763,25.907761088313045,27.520064179029134,-5616.02835054629,-5616.02835054629,0.0,0.0,0.0,0.0,0.0,0.0,0.0,0.0,0.0,0.0
 08/22  05:00:00,23.3,24.439419268585624,21.580433740476597,25.842994109975248,25.856571733218505,-5350.38841595807,-5350.38841595807,0.0,0.0,0.0,0.0,0.0,0.0,0.0,0.0,0.0,0.0
 08/22  06:00:00,23.3,23.548742973979568,21.75330156612783,25.760457840946064,54.091459386756036,-4456.829263603198,-4456.829263603198,0.0,0.0,0.0,0.0,0.0,0.0,0.0,0.0,0.0,0.0
 08/22  07:00:00,23.9,23.378246246402433,22.574120208932946,25.672754981074032,64.66891516438703,-5295.269663463925,-5295.269663463925,0.0,0.0,0.0,0.0,0.0,0.0,0.0,0.0,0.0,0.0
 08/22  08:00:00,23.9,23.353985109457675,24.35204108812529,25.59762973591805,75.84533572380599,-5722.935857201261,-5722.935857201261,0.0,0.0,0.0,0.0,0.0,0.0,0.0,0.0,0.0,0.0
 08/22  09:00:00,29.4,23.40249757798392,29.882768337705926,25.559174591538564,97.90919340072311,-6522.7336304501405,-6522.7336304501405,0.0,0.0,0.0,0.0,0.0,0.0,0.0,0.0,0.0,0.0
 08/22  10:00:00,31.7,23.415172230133265,36.377895831110344,25.53506404791323,124.55715207147239,-7279.517160805946,-7279.517160805946,0.0,0.0,0.0,0.0,0.0,0.0,0.0,0.0,0.0,0.0
 08/22  11:00:00,31.7,23.442526032774833,41.113523329578534,25.530950800738058,143.79175450016064,-7754.312345582217,-7754.312345582217,0.0,0.0,0.0,0.0,0.0,0.0,0.0,0.0,0.0,0.0
 08/22  12:00:00,33.9,23.65417541898632,43.471149560025914,25.577697667367442,148.01056483857138,-8116.632513393841,-8116.632513393841,0.0,0.0,0.0,0.0,0.0,0.0,0.0,0.0,0.0,0.0
 08/22  13:00:00,35.6,23.904002589538095,46.021517545765256,25.64875972033967,148.01056483857138,-8318.036146966038,-8318.036146966038,0.0,0.0,0.0,0.0,0.0,0.0,0.0,0.0,0.0,0.0
 08/22  14:00:00,35.6,24.287390010735145,47.07543575994393,25.729300042344235,148.01056483857138,-8746.838316067613,-8746.838316067613,0.0,0.0,0.0,0.0,0.0,0.0,0.0,0.0,0.0,0.0
 08/22  15:00:00,36.1,24.783774180126354,46.70809754752681,25.84367806645422,148.01056483857138,-9408.906877724738,-9408.906877724738,0.0,0.0,0.0,0.0,0.0,0.0,0.0,0.0,0.0,0.0
 08/22  16:00:00,35.6,25.274011928575145,45.37780007810183,25.973601289880207,148.01056483857138,-10145.188220149019,-10145.188220149019,0.0,0.0,0.0,0.0,0.0,0.0,0.0,0.0,0.0,0.0
 08/22  17:00:00,35.6,25.812340086078134,43.40304752317387,26.123124583397644,148.01056483857138,-11020.99415771951,-11020.99415771951,0.0,0.0,0.0,0.0,0.0,0.0,0.0,0.0,0.0,0.0
 08/22  18:00:00,34.4,26.212262270182695,41.60726830904293,26.271811889919245,148.01056483857138,-11655.677999157084,-11655.677999157084,0.0,0.0,0.0,0.0,0.0,0.0,0.0,0.0,0.0,0.0
 08/22  19:00:00,31.1,26.23455027854969,37.070219731219986,26.404125633397733,148.01056483857138,-11794.850673734163,-11794.850673734163,0.0,0.0,0.0,0.0,0.0,0.0,0.0,0.0,0.0,0.0
 08/22  20:00:00,31.1,25.71081843226304,33.26491057208852,26.531275399480087,148.01056483857138,-11190.818992065193,-11190.818992065193,0.0,0.0,0.0,0.0,0.0,0.0,0.0,0.0,0.0,0.0
 08/22  21:00:00,29.4,25.118532456095803,29.959658546473083,26.590480370840314,148.01056483857138,-10581.4073394554,-10581.4073394554,0.0,0.0,0.0,0.0,0.0,0.0,0.0,0.0,0.0,0.0
 08/22  22:00:00,28.3,24.424040946565917,27.947464641033374,26.615203104353267,148.01056483857138,-9742.274282046601,-9742.274282046601,0.0,0.0,0.0,0.0,0.0,0.0,0.0,0.0,0.0,0.0
 08/22  23:00:00,28.3,24.398528706498997,27.169093836930717,26.625065454365068,109.75009803393318,-10010.960754445863,-10010.960754445863,0.0,0.0,0.0,0.0,0.0,0.0,0.0,0.0,0.0,0.0
 08/22  24:00:00,26.1,24.395824337640004,25.60439425964872,26.62090167991783,79.37769068599539,-8601.324050977202,-8601.324050977202,0.0,0.0,0.0,0.0,0.0,0.0,0.0,0.0,0.0,0.0
 08/23  01:00:00,25.0,24.409454016936262,23.409152670491366,26.597026960129732,57.67808581685717,-7519.226211429672,-7519.226211429672,0.0,0.0,0.0,0.0,0.0,0.0,0.0,0.0,0.0,0.0
 08/23  02:00:00,25.0,24.412535159456098,21.764250793732817,26.558899474034227,44.864901395585925,-6784.824521129733,-6784.824521129733,0.0,0.0,0.0,0.0,0.0,0.0,0.0,0.0,0.0,0.0
 08/23  03:00:00,23.9,24.427204071304452,21.108141638638184,26.507496967075504,34.87011971083314,-6210.774671390236,-6210.774671390236,0.0,0.0,0.0,0.0,0.0,0.0,0.0,0.0,0.0,0.0
 08/23  04:00:00,23.3,24.449055442962425,20.36120939782582,26.44742625984004,27.946419657035946,-5667.804852855363,-5667.804852855363,0.0,0.0,0.0,0.0,0.0,0.0,0.0,0.0,0.0,0.0
 08/23  05:00:00,23.3,24.437747749751036,19.901004211799293,26.37793150030629,25.848520100431852,-5285.776009806888,-5285.776009806888,0.0,0.0,0.0,0.0,0.0,0.0,0.0,0.0,0.0,0.0
 08/23  06:00:00,22.2,23.534418264884945,19.924426896514145,26.279434175260793,52.90176584399629,-4424.049612106908,-4424.049612106908,0.0,0.0,0.0,0.0,0.0,0.0,0.0,0.0,0.0,0.0
 08/23  07:00:00,24.4,23.349525985592756,20.995759358468376,26.185055596297953,61.51389839758992,-5221.028650520224,-5221.028650520224,0.0,0.0,0.0,0.0,0.0,0.0,0.0,0.0,0.0,0.0
 08/23  08:00:00,24.4,23.351867708008236,23.70040272320041,26.10395974539013,70.7373812597225,-5591.5093556219945,-5591.5093556219945,0.0,0.0,0.0,0.0,0.0,0.0,0.0,0.0,0.0,0.0
 08/23  09:00:00,29.4,23.384283573244957,30.120492218394162,26.052008581429465,91.15028561773312,-6330.363111095403,-6330.363111095403,0.0,0.0,0.0,0.0,0.0,0.0,0.0,0.0,0.0,0.0
 08/23  10:00:00,31.7,23.431550904526684,40.11281420799181,26.012704601308194,116.78465415798753,-7091.348394988672,-7091.348394988672,0.0,0.0,0.0,0.0,0.0,0.0,0.0,0.0,0.0,0.0
 08/23  11:00:00,31.7,23.499344727930765,47.403638034866994,25.993612033681956,143.7310775148626,-7695.077318408876,-7695.077318408876,0.0,0.0,0.0,0.0,0.0,0.0,0.0,0.0,0.0,0.0
 08/23  12:00:00,34.4,23.85800277420729,51.28278858800367,26.039051638475797,148.01056483857138,-8191.838604374232,-8191.838604374232,0.0,0.0,0.0,0.0,0.0,0.0,0.0,0.0,0.0,0.0
 08/23  13:00:00,35.6,24.151507971383822,50.27795131378942,26.110875821333817,148.01056483857138,-8381.450797644393,-8381.450797644393,0.0,0.0,0.0,0.0,0.0,0.0,0.0,0.0,0.0,0.0
 08/23  14:00:00,35.6,24.56127615566892,49.60342563031574,26.192880634540362,148.01056483857138,-8978.437322882386,-8978.437322882386,0.0,0.0,0.0,0.0,0.0,0.0,0.0,0.0,0.0,0.0
 08/23  15:00:00,33.9,25.008592656621516,49.48404442579468,26.290185020571915,148.01056483857138,-9679.549289814739,-9679.549289814739,0.0,0.0,0.0,0.0,0.0,0.0,0.0,0.0,0.0,0.0
 08/23  16:00:00,34.4,25.36641169224339,46.441013069676565,26.422606385008653,148.01056483857138,-10166.450633975805,-10166.450633975805,0.0,0.0,0.0,0.0,0.0,0.0,0.0,0.0,0.0,0.0
 08/23  17:00:00,34.4,25.796517618650746,44.25978622469171,26.555416353056128,148.01056483857138,-10874.561694587057,-10874.561694587057,0.0,0.0,0.0,0.0,0.0,0.0,0.0,0.0,0.0,0.0
 08/23  18:00:00,32.2,25.9835181510947,40.225337407704835,26.682464251161583,148.01056483857138,-11313.64140232039,-11313.64140232039,0.0,0.0,0.0,0.0,0.0,0.0,0.0,0.0,0.0,0.0
 08/23  19:00:00,31.7,26.072755414746258,36.17509031590145,26.804898631976975,148.01056483857138,-11686.898158894724,-11686.898158894724,0.0,0.0,0.0,0.0,0.0,0.0,0.0,0.0,0.0,0.0
 08/23  20:00:00,30.6,25.58312269881272,32.90137266103205,26.899320369169963,148.01056483857138,-11025.774817063797,-11025.774817063797,0.0,0.0,0.0,0.0,0.0,0.0,0.0,0.0,0.0,0.0
 08/23  21:00:00,27.2,24.96470244256269,29.886964107632128,26.927534488577496,148.01056483857138,-10284.023921224481,-10284.023921224481,0.0,0.0,0.0,0.0,0.0,0.0,0.0,0.0,0.0,0.0
 08/23  22:00:00,26.7,24.246612408908383,27.734504402494778,26.941505716883317,148.01056483857138,-9517.83990994189,-9517.83990994189,0.0,0.0,0.0,0.0,0.0,0.0,0.0,0.0,0.0,0.0
 08/23  23:00:00,26.7,24.353878964321893,26.789294680576553,26.95641769108859,102.22482217153348,-9765.71551177144,-9765.71551177144,0.0,0.0,0.0,0.0,0.0,0.0,0.0,0.0,0.0,0.0
 08/23  24:00:00,26.1,24.398185097667223,25.222679291094785,26.962029388547727,73.9669222916539,-8362.736302059857,-8362.736302059857,0.0,0.0,0.0,0.0,0.0,0.0,0.0,0.0,0.0,0.0
